algorithm,seed,scenario,power_model,pue_model,n_vms,n_vms_rejected,total_energy_dc_kj,total_compute_energy_kj,total_cooling_energy_kj,avg_pue,avg_dc_util,avg_active_hosts,sla_violation_rate,sla_violations_abs
PABFD,0,low,linear,linear,33,0,4173.472314696539,2595.527869253582,1577.9444454429579,1.6516080145273802,0.24731997578770035,3.5,0.38333333333333336,23
PABFD,1,low,linear,linear,42,0,5607.600372310715,3594.842598433801,2012.757773876914,1.590573044618467,0.3490449256358889,4.75,0.5666666666666667,34
PABFD,2,low,linear,linear,43,0,3386.877089792785,2053.0223858582895,1333.8547039344937,1.6825530682379681,0.19574488627005374,2.7666666666666666,0.4,24
PABFD,3,low,linear,linear,38,0,4689.37485237878,2953.041717295598,1736.333135083181,1.6285509203004893,0.2857484661658517,3.9166666666666665,0.21666666666666667,13
PABFD,4,low,linear,linear,30,0,3598.7930444872477,2183.061809078277,1415.7312354089718,1.6781042434357467,0.20315959427375485,3.0166666666666666,0.08333333333333333,5
PABFD,5,low,linear,linear,45,1,6349.684508448628,4153.5291368939215,2196.1553715547066,1.5598300959006752,0.4002831734988744,5.533333333333333,0.7166666666666667,43
PABFD,6,low,linear,linear,39,0,5776.719253102755,3739.109070476196,2037.6101826265594,1.5825434366137556,0.3624276056437404,4.95,0.65,39
PABFD,7,low,linear,linear,37,0,4441.62782004242,2759.661987281233,1681.965832761189,1.6393708903020852,0.2677151828298579,3.65,0.4666666666666667,28
PABFD,8,low,linear,linear,28,0,3991.859702115131,2428.5350922401503,1563.32460987498,1.6621627675288724,0.22972872078521298,3.3,0.18333333333333332,11
PABFD,9,low,linear,linear,34,0,3750.492793120722,2297.349016599083,1453.1437765216394,1.6694056648223243,0.21765722529612647,3.1166666666666667,0.2,12
D_PABFD_NL,0,low,linear,linear,33,0,4218.7769887721615,2625.527869253582,1593.2491195185794,1.6516080145273802,0.24731997578770035,3.5833333333333335,0.26666666666666666,16
D_PABFD_NL,1,low,linear,linear,42,0,5645.972013695271,3618.842598433801,2027.129415261468,1.590573044618467,0.3490449256358889,4.816666666666666,0.5666666666666667,34
D_PABFD_NL,2,low,linear,linear,43,0,3386.877089792785,2053.0223858582895,1333.8547039344937,1.6825530682379681,0.19574488627005374,2.7666666666666666,0.4,24
D_PABFD_NL,3,low,linear,linear,38,0,4699.267389841849,2959.041717295598,1740.2256725462494,1.6285509203004893,0.2857484661658517,3.933333333333333,0.18333333333333332,11
D_PABFD_NL,4,low,linear,linear,30,0,3598.7930444872477,2183.061809078277,1415.7312354089718,1.6781042434357467,0.20315959427375485,3.0166666666666666,0.08333333333333333,5
D_PABFD_NL,5,low,linear,linear,45,1,6331.6298098483085,4141.5291368939215,2190.1006729543874,1.5598300959006752,0.4002831734988744,5.5,0.7166666666666667,43
D_PABFD_NL,6,low,linear,linear,39,0,5775.8027372478255,3739.109070476196,2036.6936667716295,1.5825434366137556,0.3624276056437404,4.95,0.65,39
D_PABFD_NL,7,low,linear,linear,37,0,4439.560055267035,2759.661987281233,1679.8980679858043,1.6393708903020852,0.2677151828298579,3.65,0.43333333333333335,26
D_PABFD_NL,8,low,linear,linear,28,0,4041.2116324865115,2458.5350922401503,1582.676540246361,1.6621627675288724,0.22972872078521298,3.3833333333333333,0.18333333333333332,11
D_PABFD_NL,9,low,linear,linear,34,0,3787.872602108587,2321.349016599083,1466.5235855095043,1.6694056648223243,0.21765722529612647,3.183333333333333,0.03333333333333333,2
SpreadFit,0,low,linear,linear,33,0,4464.239120172551,2775.527869253582,1688.7112509189687,1.6516080145273802,0.24731997578770035,4.0,0.13333333333333333,8
SpreadFit,1,low,linear,linear,42,0,6154.8320555628425,3942.842598433801,2211.9894571290406,1.590573044618467,0.3490449256358889,5.716666666666667,0.11666666666666667,7
SpreadFit,2,low,linear,linear,43,0,3665.20138153329,2221.02238585829,1444.1789956749994,1.6825530682379681,0.19574488627005374,3.2333333333333334,0.21666666666666667,13
SpreadFit,3,low,linear,linear,38,0,5140.187638169065,3235.041717295598,1905.145920873465,1.6285509203004893,0.2857484661658517,4.7,0.06666666666666667,4
SpreadFit,4,low,linear,linear,30,0,3973.9158621331326,2411.061809078277,1562.8540530548576,1.6781042434357467,0.20315959427375485,3.65,0.0,0
SpreadFit,5,low,linear,linear,45,1,6517.779467737799,4261.5291368939215,2256.2503308438786,1.5598300959006752,0.4002831734988744,5.833333333333333,0.7166666666666667,43
SpreadFit,6,low,linear,linear,39,0,6323.118109945023,4093.1090704761955,2230.009039468826,1.5825434366137556,0.3624276056437404,5.933333333333334,0.65,39
SpreadFit,7,low,linear,linear,37,0,4914.377383222431,3053.661987281233,1860.7153959412021,1.6393708903020852,0.2677151828298579,4.466666666666667,0.2833333333333333,17
SpreadFit,8,low,linear,linear,28,0,4455.699763744282,2710.5350922401512,1745.1646715041302,1.6621627675288724,0.22972872078521298,4.083333333333333,0.0,0
SpreadFit,9,low,linear,linear,34,0,4127.836980236058,2525.349016599083,1602.4879636369742,1.6694056648223243,0.21765722529612647,3.75,0.016666666666666666,1
Random,0,low,linear,linear,33,0,4435.058066502239,2757.527869253582,1677.5301972486563,1.6516080145273802,0.24731997578770035,3.95,0.13333333333333333,8
Random,1,low,linear,linear,42,0,6034.002400601206,3864.842598433801,2169.159802167405,1.590573044618467,0.3490449256358889,5.5,0.25,15
Random,2,low,linear,linear,43,0,3468.57840676799,2101.0223858582895,1367.5560209096998,1.6825530682379681,0.19574488627005374,2.9,0.3333333333333333,20
Random,3,low,linear,linear,38,0,4950.650466871186,3115.041717295598,1835.608749575585,1.6285509203004893,0.2857484661658517,4.366666666666666,0.15,9
Random,4,low,linear,linear,30,0,3886.388682745109,2357.061809078277,1529.3268736668326,1.6781042434357467,0.20315959427375485,3.5,0.0,0
Random,5,low,linear,linear,45,1,6368.708028786268,4165.5291368939215,2203.17889189235,1.5598300959006752,0.4002831734988744,5.566666666666666,0.7166666666666667,43
Random,6,low,linear,linear,39,0,5999.086639694378,3883.109070476196,2115.9775692181806,1.5825434366137556,0.3624276056437404,5.35,0.7,42
Random,7,low,linear,linear,37,0,4778.570092741285,2969.661987281233,1808.908105460056,1.6393708903020852,0.2677151828298579,4.233333333333333,0.2833333333333333,17
Random,8,low,linear,linear,28,0,4396.670927118272,2674.5350922401512,1722.135834878121,1.6621627675288724,0.22972872078521298,3.9833333333333334,0.016666666666666666,1
Random,9,low,linear,linear,34,0,4006.9119770998936,2453.349016599083,1553.56296050081,1.6694056648223243,0.21765722529612647,3.55,0.08333333333333333,5
PABFD,0,medium,linear,linear,33,0,3733.6623242908386,2293.0038170481644,1440.6585072426756,1.6705551314390932,0.21574144760151184,3.1333333333333333,0.31666666666666665,19
PABFD,1,medium,linear,linear,42,0,5036.813587243806,3188.62001379493,1848.1935734488743,1.6157088873561194,0.3071518544064684,4.25,0.5166666666666667,31
PABFD,2,medium,linear,linear,43,0,3022.0538787941905,1816.2185442168184,1205.8353345773705,1.696197939531465,0.17300343411422586,2.45,0.36666666666666664,22
PABFD,3,medium,linear,linear,38,0,4134.886031404608,2566.6119969402716,1568.274034464337,1.653487555895525,0.24418740684079107,3.466666666666667,0.15,9
PABFD,4,medium,linear,linear,30,0,3162.6738572101185,1898.4079476127858,1264.2659095973322,1.6930657835985796,0.17822369400236768,2.6,0.06666666666666667,4
PABFD,5,medium,linear,linear,45,1,5757.269839125502,3715.5325608648154,2041.737278260687,1.5844963821261315,0.3591726964564473,4.933333333333334,0.65,39
PABFD,6,medium,linear,linear,39,0,5083.909312894418,3229.859644954263,1854.0496679401542,1.6117933727828593,0.31367771202856737,4.266666666666667,0.5666666666666667,34
PABFD,7,medium,linear,linear,37,0,4026.0520883781282,2472.0159419401352,1554.0361464379944,1.6566648953399854,0.23889184110002498,3.283333333333333,0.43333333333333335,26
PABFD,8,medium,linear,linear,28,0,3570.8938685536104,2145.7968455938676,1425.0970229597435,1.680244794934015,0.19959200844330868,2.966666666666667,0.13333333333333333,8
PABFD,9,medium,linear,linear,34,0,3404.8864226054893,2067.9987579091335,1336.8876646963558,1.6828890268989853,0.195184955168358,2.816666666666667,0.16666666666666666,10
D_PABFD_NL,0,medium,linear,linear,33,0,3751.486972929006,2305.003817048164,1446.483155880843,1.6705551314390932,0.21574144760151184,3.1666666666666665,0.21666666666666667,13
D_PABFD_NL,1,medium,linear,linear,42,0,5036.813587243806,3188.62001379493,1848.1935734488743,1.6157088873561194,0.3071518544064684,4.25,0.5166666666666667,31
D_PABFD_NL,2,medium,linear,linear,43,0,3022.0538787941905,1816.2185442168184,1205.8353345773705,1.696197939531465,0.17300343411422586,2.45,0.36666666666666664,22
D_PABFD_NL,3,medium,linear,linear,38,0,4144.5367928046435,2572.6119969402716,1571.9247958643732,1.653487555895525,0.24418740684079107,3.4833333333333334,0.15,9
D_PABFD_NL,4,medium,linear,linear,30,0,3172.254946356941,1904.4079476127858,1267.846998744155,1.6930657835985796,0.17822369400236768,2.6166666666666667,0.03333333333333333,2
D_PABFD_NL,5,medium,linear,linear,45,1,5765.203926406506,3721.5325608648154,2043.671365541691,1.5844963821261315,0.3591726964564473,4.95,0.65,39
D_PABFD_NL,6,medium,linear,linear,39,0,5103.757124150469,3241.859644954263,1861.8974791962062,1.6117933727828593,0.31367771202856737,4.3,0.5666666666666667,34
D_PABFD_NL,7,medium,linear,linear,37,0,4004.7377482960123,2460.0159419401352,1544.7218063558785,1.6566648953399854,0.23889184110002498,3.25,0.4,24
D_PABFD_NL,8,medium,linear,linear,28,0,3620.827055079147,2175.7968455938676,1445.0302094852805,1.680244794934015,0.19959200844330868,3.05,0.13333333333333333,8
D_PABFD_NL,9,medium,linear,linear,34,0,3424.2554465713856,2079.9987579091335,1344.2566886622521,1.6828890268989853,0.195184955168358,2.85,0.03333333333333333,2
SpreadFit,0,medium,linear,linear,33,0,3939.0542964228516,2419.003817048164,1520.0504793746886,1.6705551314390932,0.21574144760151184,3.4833333333333334,0.11666666666666667,7
SpreadFit,1,medium,linear,linear,42,0,5476.559945715547,3464.62001379493,2011.939931920615,1.6157088873561194,0.3071518544064684,5.016666666666667,0.1,6
SpreadFit,2,medium,linear,linear,43,0,3262.9608364929054,1960.2185442168186,1302.7422922760866,1.696197939531465,0.17300343411422586,2.85,0.2,12
SpreadFit,3,medium,linear,linear,38,0,4466.824511900963,2770.6119969402716,1696.2125149606916,1.653487555895525,0.24418740684079107,4.033333333333333,0.05,3
SpreadFit,4,medium,linear,linear,30,0,3511.4579087058623,2108.407947612786,1403.049961093077,1.6930657835985796,0.17822369400236768,3.183333333333333,0.0,0
SpreadFit,5,medium,linear,linear,45,1,5909.965719787998,3811.5325608648154,2098.433158923181,1.5844963821261315,0.3591726964564473,5.2,0.65,39
SpreadFit,6,medium,linear,linear,39,0,5575.036299972501,3541.8596449542624,2033.1766550182392,1.6117933727828593,0.31367771202856737,5.133333333333334,0.5666666666666667,34
SpreadFit,7,medium,linear,linear,37,0,4427.007655954801,2718.0159419401343,1708.9917140146679,1.6566648953399854,0.23889184110002498,3.966666666666667,0.25,15
SpreadFit,8,medium,linear,linear,28,0,3920.279367185898,2355.796845593867,1564.4825215920303,1.680244794934015,0.19959200844330868,3.55,0.0,0
SpreadFit,9,medium,linear,linear,34,0,3725.741286821238,2259.998757909133,1465.7425289121052,1.6828890268989853,0.195184955168358,3.35,0.016666666666666666,1
Random,0,medium,linear,linear,33,0,3929.113670727104,2413.003817048164,1516.1098536789411,1.6705551314390932,0.21574144760151184,3.466666666666667,0.11666666666666667,7
Random,1,medium,linear,linear,42,0,5420.337393641235,3428.62001379493,1991.7173798463034,1.6157088873561194,0.3071518544064684,4.916666666666667,0.16666666666666666,10
Random,2,medium,linear,linear,43,0,3163.490572846875,1900.2185442168186,1263.272028630056,1.696197939531465,0.17300343411422586,2.683333333333333,0.2,12
Random,3,medium,linear,linear,38,0,4367.999565794749,2710.6119969402716,1657.3875688544786,1.653487555895525,0.24418740684079107,3.8666666666666667,0.05,3
Random,4,medium,linear,linear,30,0,3433.8098211980123,2060.407947612786,1373.4018735852262,1.6930657835985796,0.17822369400236768,3.05,0.05,3
Random,5,medium,linear,linear,45,1,5900.0374694639895,3805.5325608648154,2094.5049085991723,1.5844963821261315,0.3591726964564473,5.183333333333334,0.65,39
Random,6,medium,linear,linear,39,0,5361.506734445834,3403.859644954263,1957.6470894915715,1.6117933727828593,0.31367771202856737,4.75,0.5666666666666667,34
Random,7,medium,linear,linear,37,0,4349.205636995518,2670.0159419401343,1679.1896950553844,1.6566648953399854,0.23889184110002498,3.8333333333333335,0.25,15
Random,8,medium,linear,linear,28,0,3890.181982417278,2337.796845593867,1552.3851368234111,1.680244794934015,0.19959200844330868,3.5,0.0,0
Random,9,medium,linear,linear,34,0,3643.782836864872,2211.998757909133,1431.7840789557388,1.6828890268989853,0.195184955168358,3.216666666666667,0.06666666666666667,4
PABFD,0,high,linear,linear,33,0,3077.6975329979737,1862.27638196109,1215.421151036885,1.6950804020043233,0.17486599665946115,2.55,0.26666666666666666,16
PABFD,1,high,linear,linear,42,0,4221.207231234988,2620.695918052764,1600.5113131822245,1.6494782313274712,0.2508696144542153,3.5166666666666666,0.45,27
PABFD,2,high,linear,linear,43,0,2570.50815957761,1526.4850122909338,1044.0231472866753,1.7137238875232297,0.14379352079461755,2.0833333333333335,0.26666666666666666,16
PABFD,3,high,linear,linear,38,0,3392.265946571906,2070.0276578822027,1322.2382886897055,1.6833302602353106,0.19444956627448204,2.8333333333333335,0.1,6
PABFD,4,high,linear,linear,30,0,2532.459108285645,1502.8029295682916,1029.6561787173528,1.7163552300479676,0.13940794992005406,2.0833333333333335,0.03333333333333333,2
PABFD,5,high,linear,linear,45,0,4694.588229109392,2954.489741118794,1740.0984879905986,1.6283900287645785,0.2860166187257025,3.9166666666666665,0.5,30
PABFD,6,high,linear,linear,39,0,4119.188021967365,2555.59175578643,1563.5962661809315,1.6513786938015074,0.24770217699748726,3.3833333333333333,0.48333333333333334,29
PABFD,7,high,linear,linear,37,0,3283.406426737089,1982.2994714645217,1301.106955272568,1.685077836503942,0.1915369391600967,2.6333333333333333,0.45,27
PABFD,8,high,linear,linear,28,0,2975.5065466425763,1764.2673483194537,1211.2391983231223,1.7033036279645053,0.16116062005915802,2.4833333333333334,0.08333333333333333,5
PABFD,9,high,linear,linear,34,0,2827.6710056102247,1695.639366032563,1132.0316395776624,1.704262292663049,0.15956284556158556,2.316666666666667,0.13333333333333333,8
D_PABFD_NL,0,high,linear,linear,33,0,3077.6975329979737,1862.27638196109,1215.421151036885,1.6950804020043233,0.17486599665946115,2.55,0.26666666666666666,16
D_PABFD_NL,1,high,linear,linear,42,0,4221.207231234988,2620.695918052764,1600.5113131822245,1.6494782313274712,0.2508696144542153,3.5166666666666666,0.45,27
D_PABFD_NL,2,high,linear,linear,43,0,2570.50815957761,1526.4850122909338,1044.0231472866753,1.7137238875232297,0.14379352079461755,2.0833333333333335,0.26666666666666666,16
D_PABFD_NL,3,high,linear,linear,38,0,3412.0370983724624,2082.0276578822027,1330.0094404902613,1.6833302602353106,0.19444956627448204,2.8666666666666667,0.1,6
D_PABFD_NL,4,high,linear,linear,30,0,2552.8851134812976,1514.8029295682916,1038.0821839130056,1.7163552300479676,0.13940794992005406,2.1166666666666667,0.03333333333333333,2
D_PABFD_NL,5,high,linear,linear,45,0,4744.993805643458,2984.489741118794,1760.5040645246647,1.6283900287645785,0.2860166187257025,4.0,0.5,30
D_PABFD_NL,6,high,linear,linear,39,0,4108.90792466656,2549.59175578643,1559.3161688801265,1.6513786938015074,0.24770217699748726,3.3666666666666667,0.45,27
D_PABFD_NL,7,high,linear,linear,37,0,3261.570021591484,1970.2994714645217,1291.270550126963,1.685077836503942,0.1915369391600967,2.6,0.4166666666666667,25
D_PABFD_NL,8,high,linear,linear,28,0,2975.5065466425763,1764.2673483194537,1211.2391983231223,1.7033036279645053,0.16116062005915802,2.4833333333333334,0.08333333333333333,5
D_PABFD_NL,9,high,linear,linear,34,0,2847.726169784173,1707.639366032563,1140.0868037516111,1.704262292663049,0.15956284556158556,2.35,0.03333333333333333,2
SpreadFit,0,high,linear,linear,33,0,3226.3230496210217,1952.27638196109,1274.0466676599333,1.6950804020043233,0.17486599665946115,2.8,0.1,6
SpreadFit,1,high,linear,linear,42,0,4551.752287057239,2824.6959180527633,1727.0563690044755,1.6494782313274712,0.2508696144542153,4.083333333333333,0.08333333333333333,5
SpreadFit,2,high,linear,linear,43,0,2732.684867536778,1622.4850122909338,1110.1998552458435,1.7137238875232297,0.14379352079461755,2.35,0.15,9
SpreadFit,3,high,linear,linear,38,0,3619.692195007243,2208.027657882203,1411.6645371250409,1.6833302602353106,0.19444956627448204,3.216666666666667,0.05,3
SpreadFit,4,high,linear,linear,30,0,2784.496094113352,1652.8029295682916,1131.6931645450602,1.7163552300479676,0.13940794992005406,2.5,0.0,0
SpreadFit,5,high,linear,linear,45,0,4844.236067690624,3044.489741118794,1799.7463265718316,1.6283900287645785,0.2860166187257025,4.166666666666667,0.5,30
SpreadFit,6,high,linear,linear,39,0,4515.18345343674,2801.59175578643,1713.5916976503108,1.6513786938015074,0.24770217699748726,4.066666666666666,0.45,27
SpreadFit,7,high,linear,linear,37,0,3602.1113425555886,2174.2994714645215,1427.8118710910665,1.685077836503942,0.1915369391600967,3.1666666666666665,0.2,12
SpreadFit,8,high,linear,linear,28,0,3208.6171970959995,1902.2673483194537,1306.3498487765446,1.7033036279645053,0.16116062005915802,2.8666666666666667,0.0,0
SpreadFit,9,high,linear,linear,34,0,3069.631774427338,1839.639366032563,1229.9924083947749,1.704262292663049,0.15956284556158556,2.716666666666667,0.016666666666666666,1
Random,0,high,linear,linear,33,0,3215.875833163678,1946.27638196109,1269.5994512025893,1.6950804020043233,0.17486599665946115,2.783333333333333,0.11666666666666667,7
Random,1,high,linear,linear,42,0,4482.320051494627,2782.6959180527633,1699.6241334418635,1.6494782313274712,0.2508696144542153,3.966666666666667,0.08333333333333333,5
Random,2,high,linear,linear,43,0,2671.614537674125,1586.4850122909338,1085.1295253831913,1.7137238875232297,0.14379352079461755,2.25,0.15,9
Random,3,high,linear,linear,38,0,3490.710882077655,2130.027657882202,1360.6832241954526,1.6833302602353106,0.19444956627448204,3.0,0.08333333333333333,5
Random,4,high,linear,linear,30,0,2712.278304789952,1610.8029295682916,1101.4753752216602,1.7163552300479676,0.13940794992005406,2.3833333333333333,0.0,0
Random,5,high,linear,linear,45,0,4816.648930655081,3026.489741118794,1790.159189536288,1.6283900287645785,0.2860166187257025,4.116666666666666,0.5,30
Random,6,high,linear,linear,39,0,4307.388592592697,2669.59175578643,1637.7968368062657,1.6513786938015074,0.24770217699748726,3.7,0.48333333333333334,29
Random,7,high,linear,linear,37,0,3563.2918647714037,2150.2994714645215,1412.9923933068824,1.685077836503942,0.1915369391600967,3.1,0.21666666666666667,13
Random,8,high,linear,linear,28,0,3178.19045308486,1884.2673483194535,1293.9231047654055,1.7033036279645053,0.16116062005915802,2.816666666666667,0.0,0
Random,9,high,linear,linear,34,0,3008.117546514655,1803.639366032563,1204.4781804820923,1.704262292663049,0.15956284556158556,2.6166666666666667,0.05,3
PABFD,0,low,quadratic,linear,33,0,3639.796386247362,2265.1365029121425,1374.6598833352214,1.6516080145273802,0.24731997578770035,3.5,0.38333333333333336,23
PABFD,1,low,quadratic,linear,42,0,4939.753071393764,3165.30033528706,1774.452736106703,1.590573044618467,0.3490449256358889,4.75,0.5666666666666667,34
PABFD,2,low,quadratic,linear,43,0,2989.927752663604,1814.0092964823232,1175.9184561812813,1.6825530682379681,0.19574488627005374,2.7666666666666666,0.4,24
PABFD,3,low,quadratic,linear,38,0,4114.586228705494,2592.3011942818134,1522.2850344236792,1.6285509203004893,0.2857484661658517,3.9166666666666665,0.21666666666666667,13
PABFD,4,low,quadratic,linear,30,0,3097.4097047537525,1879.2514065389578,1218.1582982147938,1.6781042434357467,0.20315959427375485,3.0166666666666666,0.08333333333333333,5
PABFD,5,low,quadratic,linear,45,1,5591.2663066083815,3656.3578207687274,1934.9084858396523,1.5598300959006752,0.4002831734988744,5.533333333333333,0.7166666666666667,43
PABFD,6,low,quadratic,linear,39,0,5115.304803230381,3312.6568046296084,1802.647998600776,1.5825434366137556,0.3624276056437404,4.95,0.65,39
PABFD,7,low,quadratic,linear,37,0,3936.1898099196233,2447.2610496592283,1488.928760260395,1.6393708903020852,0.2677151828298579,3.65,0.4666666666666667,28
PABFD,8,low,quadratic,linear,28,0,3479.1541950775577,2117.280487269686,1361.8737078078736,1.6621627675288724,0.22972872078521298,3.3,0.18333333333333332,11
PABFD,9,low,quadratic,linear,34,0,3234.5713028045157,1981.9649351778287,1252.6063676266863,1.6694056648223243,0.21765722529612647,3.1166666666666667,0.2,12
D_PABFD_NL,0,low,quadratic,linear,33,0,3622.574910436017,2255.121980420514,1367.4529300155039,1.6516080145273802,0.24731997578770035,3.5833333333333335,0.26666666666666666,16
D_PABFD_NL,1,low,quadratic,linear,42,0,4947.488044089906,3170.109614734607,1777.3784293552978,1.590573044618467,0.3490449256358889,4.816666666666666,0.5666666666666667,34
D_PABFD_NL,2,low,quadratic,linear,43,0,2989.510208606905,1813.7527887670099,1175.757419839895,1.6825530682379681,0.19574488627005374,2.7666666666666666,0.38333333333333336,23
D_PABFD_NL,3,low,quadratic,linear,38,0,4137.476716333454,2606.756322260892,1530.72039407256,1.6285509203004893,0.2857484661658517,4.083333333333333,0.08333333333333333,5
D_PABFD_NL,4,low,quadratic,linear,30,0,3050.97893894835,1851.205041775898,1199.7738971724507,1.6781042434357467,0.20315959427375485,2.8666666666666667,0.08333333333333333,5
D_PABFD_NL,5,low,quadratic,linear,45,1,5544.382256962546,3626.0591322043347,1918.3231247582116,1.5598300959006752,0.4002831734988744,5.45,0.7166666666666667,43
D_PABFD_NL,6,low,quadratic,linear,39,0,5059.6882709233805,3277.0262196866324,1782.6620512367483,1.5825434366137556,0.3624276056437404,4.933333333333334,0.7,42
D_PABFD_NL,7,low,quadratic,linear,37,0,3928.1273938595823,2443.4779421514236,1484.6494517081587,1.6393708903020852,0.2677151828298579,3.6666666666666665,0.4,24
D_PABFD_NL,8,low,quadratic,linear,28,0,3513.319876355576,2137.8155657597686,1375.5043105958086,1.6621627675288724,0.22972872078521298,3.5,0.06666666666666667,4
D_PABFD_NL,9,low,quadratic,linear,34,0,3239.2286992494564,1985.0760897445195,1254.1526095049358,1.6694056648223243,0.21765722529612647,3.183333333333333,0.03333333333333333,2
SpreadFit,0,low,quadratic,linear,33,0,3740.985421752918,2327.8921526195936,1413.0932691333242,1.6516080145273802,0.24731997578770035,4.0,0.13333333333333333,8
SpreadFit,1,low,quadratic,linear,42,0,5130.145781925369,3286.7543861037902,1843.3913958215762,1.590573044618467,0.3490449256358889,5.716666666666667,0.11666666666666667,7
SpreadFit,2,low,quadratic,linear,43,0,3118.3182245814164,1891.0065902514255,1227.3116343299912,1.6825530682379681,0.19574488627005374,3.2333333333333334,0.21666666666666667,13
SpreadFit,3,low,quadratic,linear,38,0,4321.699640285632,2721.4879599671594,1600.2116803184708,1.6285509203004893,0.2857484661658517,4.7,0.06666666666666667,4
SpreadFit,4,low,quadratic,linear,30,0,3279.545433717872,1989.8470579576874,1289.6983757601859,1.6781042434357467,0.20315959427375485,3.65,0.0,0
SpreadFit,5,low,quadratic,linear,45,1,5680.434496950868,3713.5974770156045,1966.837019935263,1.5598300959006752,0.4002831734988744,5.833333333333333,0.7166666666666667,43
SpreadFit,6,low,quadratic,linear,39,0,5379.72001816016,3484.239768244097,1895.4802499160667,1.5825434366137556,0.3624276056437404,5.933333333333334,0.65,39
SpreadFit,7,low,quadratic,linear,37,0,4189.7995999768755,2604.4685195667594,1585.3310804101147,1.6393708903020852,0.2677151828298579,4.466666666666667,0.2833333333333333,17
SpreadFit,8,low,quadratic,linear,28,0,3694.693994631812,2247.9840150891637,1446.7099795426507,1.6621627675288724,0.22972872078521298,4.083333333333333,0.0,0
SpreadFit,9,low,quadratic,linear,34,0,3421.1011956425214,2093.924243130333,1327.176952512189,1.6694056648223243,0.21765722529612647,3.75,0.016666666666666666,1
Random,0,low,quadratic,linear,33,0,3722.6559873372867,2316.585850139605,1406.0701371976827,1.6516080145273802,0.24731997578770035,3.95,0.13333333333333333,8
Random,1,low,quadratic,linear,42,0,5087.35555318149,3259.036994890028,1828.3185582914602,1.590573044618467,0.3490449256358889,5.5,0.25,15
Random,2,low,quadratic,linear,43,0,3030.537711992076,1837.7034538038486,1192.8342581882273,1.6825530682379681,0.19574488627005374,2.9,0.3333333333333333,20
Random,3,low,quadratic,linear,38,0,4232.193507042587,2664.8741453549037,1567.319361687682,1.6285509203004893,0.2857484661658517,4.366666666666666,0.15,9
Random,4,low,quadratic,linear,30,0,3216.929175227581,1951.3225775734857,1265.6065976540963,1.6781042434357467,0.20315959427375485,3.5,0.0,0
Random,5,low,quadratic,linear,45,1,5588.8376130519155,3654.4766196716214,1934.3609933802943,1.5598300959006752,0.4002831734988744,5.566666666666666,0.7166666666666667,43
Random,6,low,quadratic,linear,39,0,5224.185679987978,3383.420329306932,1840.765350681044,1.5825434366137556,0.3624276056437404,5.35,0.7,42
Random,7,low,quadratic,linear,37,0,4098.154929059336,2547.49726586963,1550.657663189704,1.6393708903020852,0.2677151828298579,4.233333333333333,0.2833333333333333,17
Random,8,low,quadratic,linear,28,0,3664.2332605911542,2229.4416123416395,1434.7916482495164,1.6621627675288724,0.22972872078521298,3.9833333333333334,0.016666666666666666,1
Random,9,low,quadratic,linear,34,0,3349.2475397293124,2051.2146816021113,1298.032858127201,1.6694056648223243,0.21765722529612647,3.55,0.08333333333333333,5
PABFD,0,medium,quadratic,linear,33,0,3231.8226416140346,1986.277917554098,1245.5447240599392,1.6705551314390932,0.21574144760151184,3.1333333333333333,0.31666666666666665,19
PABFD,1,medium,quadratic,linear,42,0,4414.5688865410775,2793.8001205882624,1620.7687659528171,1.6157088873561194,0.3071518544064684,4.25,0.5166666666666667,31
PABFD,2,medium,quadratic,linear,43,0,2669.356825847186,1605.531100684113,1063.8257251630725,1.696197939531465,0.17300343411422586,2.45,0.36666666666666664,22
PABFD,3,medium,quadratic,linear,38,0,3590.194291820312,2229.7779250733233,1360.4163667469904,1.653487555895525,0.24418740684079107,3.466666666666667,0.15,9
PABFD,4,medium,quadratic,linear,30,0,2727.9553322378883,1637.948807577726,1090.006524660161,1.6930657835985796,0.17822369400236768,2.6,0.06666666666666667,4
PABFD,5,medium,quadratic,linear,45,1,5061.765653436785,3265.282224752456,1796.4834286843281,1.5844963821261315,0.3591726964564473,4.933333333333334,0.65,39
PABFD,6,medium,quadratic,linear,39,0,4498.960349052265,2859.843194674362,1639.1171543779044,1.6117933727828593,0.31367771202856737,4.266666666666667,0.5666666666666667,34
PABFD,7,medium,quadratic,linear,37,0,3567.1321673121042,2191.4320508124906,1375.700116499614,1.6566648953399854,0.23889184110002498,3.283333333333333,0.43333333333333335,26
PABFD,8,medium,quadratic,linear,28,0,3083.807685941992,1853.5634433892783,1230.2442425527154,1.680244794934015,0.19959200844330868,2.966666666666667,0.13333333333333333,8
PABFD,9,medium,quadratic,linear,34,0,2929.062472683835,1779.5780704376755,1149.4844022461589,1.6828890268989853,0.195184955168358,2.816666666666667,0.16666666666666666,10
D_PABFD_NL,0,medium,quadratic,linear,33,0,3209.137382592012,1972.6878845061594,1236.4494980858549,1.6705551314390932,0.21574144760151184,3.1666666666666665,0.21666666666666667,13
D_PABFD_NL,1,medium,quadratic,linear,42,0,4415.460693559725,2794.3957923152575,1621.064901244469,1.6157088873561194,0.3071518544064684,4.25,0.5166666666666667,31
D_PABFD_NL,2,medium,quadratic,linear,43,0,2668.9277711226787,1605.2745929687994,1063.6531781538783,1.696197939531465,0.17300343411422586,2.45,0.35,21
D_PABFD_NL,3,medium,quadratic,linear,38,0,3609.1225163517447,2241.554277298549,1367.5682390531958,1.653487555895525,0.24418740684079107,3.5833333333333335,0.1,6
D_PABFD_NL,4,medium,quadratic,linear,30,0,2701.859036454563,1622.3646269867775,1079.4944094677842,1.6930657835985796,0.17822369400236768,2.6166666666666667,0.03333333333333333,2
D_PABFD_NL,5,medium,quadratic,linear,45,1,5052.081828369832,3259.4163091369123,1792.665519232919,1.5844963821261315,0.3591726964564473,4.916666666666667,0.65,39
D_PABFD_NL,6,medium,quadratic,linear,39,0,4484.192561700835,2850.302721718232,1633.8898399826048,1.6117933727828593,0.31367771202856737,4.283333333333333,0.5666666666666667,34
D_PABFD_NL,7,medium,quadratic,linear,37,0,3542.0030145528317,2177.069706672681,1364.9333078801508,1.6566648953399854,0.23889184110002498,3.25,0.4,24
D_PABFD_NL,8,medium,quadratic,linear,28,0,3130.585381766256,1881.4512824481606,1249.1340993180984,1.680244794934015,0.19959200844330868,3.183333333333333,0.03333333333333333,2
D_PABFD_NL,9,medium,quadratic,linear,34,0,2928.702971101948,1779.3859392239601,1149.3170318779871,1.6828890268989853,0.195184955168358,2.85,0.03333333333333333,2
SpreadFit,0,medium,quadratic,linear,33,0,3302.4518658154216,2029.7152162781913,1272.7366495372323,1.6705551314390932,0.21574144760151184,3.4833333333333334,0.11666666666666667,7
SpreadFit,1,medium,quadratic,linear,42,0,4565.743641788744,2889.164825533218,1676.578816255525,1.6157088873561194,0.3071518544064684,5.016666666666667,0.1,6
SpreadFit,2,medium,quadratic,linear,43,0,2776.204805745236,1668.9400954266903,1107.264710318545,1.696197939531465,0.17300343411422586,2.85,0.2,12
SpreadFit,3,medium,quadratic,linear,38,0,3752.7596185299954,2329.274772407999,1423.4848461219974,1.653487555895525,0.24418740684079107,4.033333333333333,0.05,3
SpreadFit,4,medium,quadratic,linear,30,0,2899.1157906662456,1740.8768540163153,1158.238936649931,1.6930657835985796,0.17822369400236768,3.183333333333333,0.0,0
SpreadFit,5,medium,quadratic,linear,45,1,5152.681765938561,3322.5225110330603,1830.1592549054988,1.5844963821261315,0.3591726964564473,5.2,0.65,39
SpreadFit,6,medium,quadratic,linear,39,0,4741.508900958089,3014.0859531794404,1727.4229477786478,1.6117933727828593,0.31367771202856737,5.133333333333334,0.5666666666666667,34
SpreadFit,7,medium,quadratic,linear,37,0,3775.2910993605224,2319.022885777013,1456.2682135835084,1.6566648953399854,0.23889184110002498,3.966666666666667,0.25,15
SpreadFit,8,medium,quadratic,linear,28,0,3248.5022608290346,1952.3971650533747,1296.1050957756631,1.680244794934015,0.19959200844330868,3.55,0.0,0
SpreadFit,9,medium,quadratic,linear,34,0,3088.746117742572,1874.6728341282355,1214.0732836143363,1.6828890268989853,0.195184955168358,3.35,0.016666666666666666,1
Random,0,medium,quadratic,linear,33,0,3296.2078813178396,2025.9464487848616,1270.26143253298,1.6705551314390932,0.21574144760151184,3.466666666666667,0.11666666666666667,7
Random,1,medium,quadratic,linear,42,0,4545.761222227459,2876.306249010518,1669.4549732169412,1.6157088873561194,0.3071518544064684,4.916666666666667,0.16666666666666666,10
Random,2,medium,quadratic,linear,43,0,2723.4810032003165,1637.3702835795293,1086.1107196207863,1.696197939531465,0.17300343411422586,2.683333333333333,0.2,12
Random,3,medium,quadratic,linear,38,0,3692.757197023264,2292.800738937548,1399.9564580857154,1.653487555895525,0.24418740684079107,3.8666666666666667,0.05,3
Random,4,medium,quadratic,linear,30,0,2861.1525348861937,1717.3644901199327,1143.7880447662608,1.6930657835985796,0.17822369400236768,3.05,0.05,3
Random,5,medium,quadratic,linear,45,1,5148.980103825345,3320.2854630181055,1828.6946408072372,1.5844963821261315,0.3591726964564473,5.183333333333334,0.65,39
Random,6,medium,quadratic,linear,39,0,4639.666836400425,2948.187415879022,1691.4794205214025,1.6117933727828593,0.31367771202856737,4.75,0.5666666666666667,34
Random,7,medium,quadratic,linear,37,0,3708.250434497193,2277.7124669473533,1430.5379675498393,1.6566648953399854,0.23889184110002498,3.8333333333333335,0.25,15
Random,8,medium,quadratic,linear,28,0,3231.3644011821875,1942.1525568952927,1289.2118442868975,1.680244794934015,0.19959200844330868,3.5,0.0,0
Random,9,medium,quadratic,linear,34,0,3038.877864216845,1845.4946334375995,1193.3832307792452,1.6828890268989853,0.195184955168358,3.216666666666667,0.06666666666666667,4
PABFD,0,high,quadratic,linear,33,0,2661.2522312673623,1611.4753621723871,1049.7768690949758,1.6950804020043233,0.17486599665946115,2.55,0.26666666666666666,16
PABFD,1,high,quadratic,linear,42,0,3682.1341622396094,2285.567994114989,1396.5661681246206,1.6494782313274712,0.2508696144542153,3.5166666666666666,0.45,27
PABFD,2,high,quadratic,linear,43,0,2258.8941148898825,1342.3487707714019,916.5453441184804,1.7137238875232297,0.14379352079461755,2.0833333333333335,0.26666666666666666,16
PABFD,3,high,quadratic,linear,38,0,2931.974164733555,1790.4466242054505,1141.5275405281066,1.6833302602353106,0.19444956627448204,2.8333333333333335,0.1,6
PABFD,4,high,quadratic,linear,30,0,2164.1376481418997,1284.6352994255162,879.5023487163837,1.7163552300479676,0.13940794992005406,2.0833333333333335,0.03333333333333333,2
PABFD,5,high,quadratic,linear,45,0,4127.723441234978,2595.8444089827663,1531.8790322522098,1.6283900287645785,0.2860166187257025,3.9166666666666665,0.5,30
PABFD,6,high,quadratic,linear,39,0,3644.0910439433906,2263.122897470256,1380.9681464731334,1.6513786938015074,0.24770217699748726,3.3833333333333333,0.48333333333333334,29
PABFD,7,high,quadratic,linear,37,0,2912.7738879705366,1759.6632326682893,1153.1106553022462,1.685077836503942,0.1915369391600967,2.6333333333333333,0.45,27
PABFD,8,high,quadratic,linear,28,0,2544.01484558173,1508.6700970403117,1035.344748541418,1.7033036279645053,0.16116062005915802,2.4833333333333334,0.08333333333333333,5
PABFD,9,high,quadratic,linear,34,0,2427.314326752337,1456.488182093357,970.8261446589802,1.704262292663049,0.15956284556158556,2.316666666666667,0.13333333333333333,8
D_PABFD_NL,0,high,quadratic,linear,33,0,2657.41279407857,1609.101687295605,1048.311106782966,1.6950804020043233,0.17486599665946115,2.55,0.25,15
D_PABFD_NL,1,high,quadratic,linear,42,0,3674.8525620331884,2280.961212829705,1393.8913492034844,1.6494782313274712,0.2508696144542153,3.5,0.4666666666666667,28
D_PABFD_NL,2,high,quadratic,linear,43,0,2258.8941148898825,1342.3487707714019,916.5453441184804,1.7137238875232297,0.14379352079461755,2.0833333333333335,0.26666666666666666,16
D_PABFD_NL,3,high,quadratic,linear,38,0,2938.948999319762,1794.6749732222395,1144.2740260975245,1.6833302602353106,0.19444956627448204,2.8666666666666667,0.1,6
D_PABFD_NL,4,high,quadratic,linear,30,0,2167.211063685611,1286.2984907611585,880.9125729244535,1.7163552300479676,0.13940794992005406,2.1166666666666667,0.03333333333333333,2
D_PABFD_NL,5,high,quadratic,linear,45,0,4148.89748960816,2607.915426437886,1540.9820631702732,1.6283900287645785,0.2860166187257025,3.9833333333333334,0.5,30
D_PABFD_NL,6,high,quadratic,linear,39,0,3618.755306606104,2247.516499130509,1371.2388074755934,1.6513786938015074,0.24770217699748726,3.316666666666667,0.45,27
D_PABFD_NL,7,high,quadratic,linear,37,0,2882.0053290064843,1742.2682906409611,1139.737038365522,1.685077836503942,0.1915369391600967,2.6,0.4166666666666667,25
D_PABFD_NL,8,high,quadratic,linear,28,0,2543.5012361709364,1508.361709892541,1035.1395262783954,1.7033036279645053,0.16116062005915802,2.4833333333333334,0.08333333333333333,5
D_PABFD_NL,9,high,quadratic,linear,34,0,2430.539380321349,1458.3702413215435,972.1691389998061,1.704262292663049,0.15956284556158556,2.35,0.03333333333333333,2
SpreadFit,0,high,quadratic,linear,33,0,2710.8013022123046,1641.5039518317276,1069.2973503805779,1.6950804020043233,0.17486599665946115,2.8,0.1,6
SpreadFit,1,high,quadratic,linear,42,0,3794.71947330595,2355.5342724147185,1439.1852008912322,1.6494782313274712,0.2508696144542153,4.083333333333333,0.08333333333333333,5
SpreadFit,2,high,quadratic,linear,43,0,2328.7479555060377,1383.5110234602619,945.2369320457749,1.7137238875232297,0.14379352079461755,2.35,0.15,9
SpreadFit,3,high,quadratic,linear,38,0,3042.581453491947,1857.1975907301512,1185.383862761796,1.6833302602353106,0.19444956627448204,3.216666666666667,0.05,3
SpreadFit,4,high,quadratic,linear,30,0,2295.6354323489577,1362.8276028234532,932.8078295255042,1.7163552300479676,0.13940794992005406,2.5,0.0,0
SpreadFit,5,high,quadratic,linear,45,0,4216.67233144118,2649.344409414878,1567.3279220263037,1.6283900287645785,0.2860166187257025,4.166666666666667,0.5,30
SpreadFit,6,high,quadratic,linear,39,0,3837.6672708086103,2383.4374038674205,1454.2298669411884,1.6513786938015074,0.24770217699748726,4.066666666666666,0.45,27
SpreadFit,7,high,quadratic,linear,37,0,3070.382686266405,1854.4224336157176,1215.9602526506872,1.685077836503942,0.1915369391600967,3.1666666666666665,0.2,12
SpreadFit,8,high,quadratic,linear,28,0,2655.9734718240734,1574.9156714259022,1081.0578003981718,1.7033036279645053,0.16116062005915802,2.8666666666666667,0.0,0
SpreadFit,9,high,quadratic,linear,34,0,2549.3274772973546,1528.7944431678252,1020.5330341295297,1.704262292663049,0.15956284556158556,2.716666666666667,0.016666666666666666,1
Random,0,high,quadratic,linear,33,0,2707.6671137020126,1639.7039382933333,1067.9631754086797,1.6950804020043233,0.17486599665946115,2.783333333333333,0.11666666666666667,7
Random,1,high,quadratic,linear,42,0,3763.245897480691,2336.6277888365,1426.6181086441925,1.6494782313274712,0.2508696144542153,3.966666666666667,0.08333333333333333,5
Random,2,high,quadratic,linear,43,0,2292.7035747118653,1362.2638118113375,930.439762900527,1.7137238875232297,0.14379352079461755,2.25,0.15,9
Random,3,high,quadratic,linear,38,0,2978.0823939093143,1818.4723727505602,1159.610021158755,1.6833302602353106,0.19444956627448204,3.0,0.08333333333333333,5
Random,4,high,quadratic,linear,30,0,2250.599885945272,1336.6360928551208,913.9637930901515,1.7163552300479676,0.13940794992005406,2.3833333333333333,0.0,0
Random,5,high,quadratic,linear,45,0,4199.597670679511,2638.2035689096065,1561.3941017699055,1.6283900287645785,0.2860166187257025,4.116666666666666,0.5,30
Random,6,high,quadratic,linear,39,0,3731.9218831723224,2316.0962271558924,1415.825656016429,1.6513786938015074,0.24770217699748726,3.7,0.48333333333333334,29
Random,7,high,quadratic,linear,37,0,3044.5524618534787,1838.5332581770135,1206.0192036764652,1.685077836503942,0.1915369391600967,3.1,0.21666666666666667,13
Random,8,high,quadratic,linear,28,0,2638.1906605959257,1564.4098131871403,1073.7808474087858,1.7033036279645053,0.16116062005915802,2.816666666666667,0.0,0
Random,9,high,quadratic,linear,34,0,2511.7126796112248,1506.8085665363278,1004.9041130748968,1.704262292663049,0.15956284556158556,2.6166666666666667,0.05,3
PABFD,0,low,linear,ashrae,33,0,4346.602682717167,2595.527869253582,1751.0748134635865,1.7499999999999998,0.24731997578770035,3.5,0.38333333333333336,23
PABFD,1,low,linear,ashrae,42,0,5731.596743318448,3594.842598433801,2136.754144884648,1.6475000000000002,0.3490449256358889,4.75,0.5666666666666667,34
PABFD,2,low,linear,ashrae,43,0,3559.9861404753615,2053.0223858582895,1506.9637546170704,1.7866666666666664,0.19574488627005374,2.7666666666666666,0.4,24
PABFD,3,low,linear,ashrae,38,0,4851.799750629451,2953.041717295598,1898.7580333338499,1.7049999999999998,0.2857484661658517,3.9166666666666665,0.21666666666666667,13
PABFD,4,low,linear,ashrae,30,0,3796.208219599193,2183.061809078277,1613.1464105209188,1.7800000000000002,0.20315959427375485,3.0166666666666666,0.08333333333333333,5
PABFD,5,low,linear,ashrae,45,1,6427.951846708917,4153.5291368939215,2274.4227098149963,1.6008333333333333,0.4002831734988744,5.533333333333333,0.7166666666666667,43
PABFD,6,low,linear,ashrae,39,0,5938.755853654645,3739.109070476196,2199.6467831784475,1.6450000000000002,0.3624276056437404,4.95,0.65,39
PABFD,7,low,linear,ashrae,37,0,4658.66143995241,2759.661987281233,1898.9994526711796,1.7333333333333334,0.2677151828298579,3.65,0.4666666666666667,28
PABFD,8,low,linear,ashrae,28,0,4212.223704668127,2428.5350922401503,1783.6886124279777,1.76,0.22972872078521298,3.3,0.18333333333333332,11
PABFD,9,low,linear,ashrae,34,0,3972.330050335683,2297.349016599083,1674.981033736602,1.7866666666666664,0.21765722529612647,3.1166666666666667,0.2,12
D_PABFD_NL,0,low,linear,ashrae,33,0,4389.202682717167,2625.527869253582,1763.6748134635864,1.7499999999999998,0.24731997578770035,3.5833333333333335,0.26666666666666666,16
D_PABFD_NL,1,low,linear,ashrae,42,0,5772.396743318448,3618.842598433801,2153.5541448846484,1.6475000000000002,0.3490449256358889,4.816666666666666,0.5666666666666667,34
D_PABFD_NL,2,low,linear,ashrae,43,0,3559.9861404753615,2053.0223858582895,1506.9637546170704,1.7866666666666664,0.19574488627005374,2.7666666666666666,0.4,24
D_PABFD_NL,3,low,linear,ashrae,38,0,4861.999750629451,2959.041717295598,1902.95803333385,1.7049999999999998,0.2857484661658517,3.933333333333333,0.18333333333333332,11
D_PABFD_NL,4,low,linear,ashrae,30,0,3796.208219599193,2183.061809078277,1613.1464105209188,1.7800000000000002,0.20315959427375485,3.0166666666666666,0.08333333333333333,5
D_PABFD_NL,5,low,linear,ashrae,45,1,6409.951846708917,4141.5291368939215,2268.4227098149963,1.6008333333333333,0.4002831734988744,5.5,0.7166666666666667,43
D_PABFD_NL,6,low,linear,ashrae,39,0,5937.555853654644,3739.109070476196,2198.4467831784477,1.6450000000000002,0.3624276056437404,4.95,0.65,39
D_PABFD_NL,7,low,linear,ashrae,37,0,4656.26143995241,2759.661987281233,1896.5994526711795,1.7333333333333334,0.2677151828298579,3.65,0.43333333333333335,26
D_PABFD_NL,8,low,linear,ashrae,28,0,4262.023704668127,2458.5350922401503,1803.4886124279776,1.76,0.22972872078521298,3.3833333333333333,0.18333333333333332,11
D_PABFD_NL,9,low,linear,ashrae,34,0,4009.530050335683,2321.349016599083,1688.181033736602,1.7866666666666664,0.21765722529612647,3.183333333333333,0.03333333333333333,2
SpreadFit,0,low,linear,ashrae,33,0,4644.202682717166,2775.527869253582,1868.6748134635864,1.7499999999999998,0.24731997578770035,4.0,0.13333333333333333,8
SpreadFit,1,low,linear,ashrae,42,0,6294.696743318449,3942.842598433801,2351.8541448846486,1.6475000000000002,0.3490449256358889,5.716666666666667,0.11666666666666667,7
SpreadFit,2,low,linear,ashrae,43,0,3852.786140475362,2221.02238585829,1631.7637546170706,1.7866666666666664,0.19574488627005374,3.2333333333333334,0.21666666666666667,13
SpreadFit,3,low,linear,ashrae,38,0,5320.999750629451,3235.041717295598,2085.9580333338504,1.7049999999999998,0.2857484661658517,4.7,0.06666666666666667,4
SpreadFit,4,low,linear,ashrae,30,0,4192.208219599193,2411.061809078277,1781.146410520919,1.7800000000000002,0.20315959427375485,3.65,0.0,0
SpreadFit,5,low,linear,ashrae,45,1,6597.151846708917,4261.5291368939215,2335.6227098149966,1.6008333333333333,0.4002831734988744,5.833333333333333,0.7166666666666667,43
SpreadFit,6,low,linear,ashrae,39,0,6503.055853654646,4093.1090704761955,2409.9467831784477,1.6450000000000002,0.3624276056437404,5.933333333333334,0.65,39
SpreadFit,7,low,linear,ashrae,37,0,5153.6614399524115,3053.661987281233,2099.999452671179,1.7333333333333334,0.2677151828298579,4.466666666666667,0.2833333333333333,17
SpreadFit,8,low,linear,ashrae,28,0,4701.2237046681275,2710.5350922401512,1990.6886124279772,1.76,0.22972872078521298,4.083333333333333,0.0,0
SpreadFit,9,low,linear,ashrae,34,0,4375.530050335682,2525.349016599083,1850.1810337366019,1.7866666666666664,0.21765722529612647,3.75,0.016666666666666666,1
Random,0,low,linear,ashrae,33,0,4613.602682717166,2757.527869253582,1856.0748134635865,1.7499999999999998,0.24731997578770035,3.95,0.13333333333333333,8
Random,1,low,linear,ashrae,42,0,6170.496743318448,3864.842598433801,2305.6541448846488,1.6475000000000002,0.3490449256358889,5.5,0.25,15
Random,2,low,linear,ashrae,43,0,3648.786140475362,2101.0223858582895,1547.7637546170704,1.7866666666666664,0.19574488627005374,2.9,0.3333333333333333,20
Random,3,low,linear,ashrae,38,0,5120.599750629451,3115.041717295598,2005.5580333338507,1.7049999999999998,0.2857484661658517,4.366666666666666,0.15,9
Random,4,low,linear,ashrae,30,0,4099.208219599193,2357.061809078277,1742.146410520919,1.7800000000000002,0.20315959427375485,3.5,0.0,0
Random,5,low,linear,ashrae,45,1,6444.751846708917,4165.5291368939215,2279.2227098149965,1.6008333333333333,0.4002831734988744,5.566666666666666,0.7166666666666667,43
Random,6,low,linear,ashrae,39,0,6168.555853654644,3883.109070476196,2285.446783178448,1.6450000000000002,0.3624276056437404,5.35,0.7,42
Random,7,low,linear,ashrae,37,0,5009.66143995241,2969.661987281233,2039.9994526711794,1.7333333333333334,0.2677151828298579,4.233333333333333,0.2833333333333333,17
Random,8,low,linear,ashrae,28,0,4640.023704668129,2674.5350922401512,1965.4886124279772,1.76,0.22972872078521298,3.9833333333333334,0.016666666666666666,1
Random,9,low,linear,ashrae,34,0,4243.530050335683,2453.349016599083,1790.1810337366019,1.7866666666666664,0.21765722529612647,3.55,0.08333333333333333,5
PABFD,0,medium,linear,ashrae,33,0,3943.9363402835997,2293.0038170481644,1650.9325232354372,1.7833333333333337,0.21574144760151184,3.1333333333333333,0.31666666666666665,19
PABFD,1,medium,linear,ashrae,42,0,5189.6764206964135,3188.62001379493,2001.0564069014865,1.6900000000000002,0.3071518544064684,4.25,0.5166666666666667,31
PABFD,2,medium,linear,ashrae,43,0,3185.7417483687427,1816.2185442168184,1369.523204151922,1.8066666666666669,0.17300343411422586,2.45,0.36666666666666664,22
PABFD,3,medium,linear,ashrae,38,0,4334.927742582894,2566.6119969402716,1768.3157456426234,1.7500000000000002,0.24418740684079107,3.466666666666667,0.15,9
PABFD,4,medium,linear,ashrae,30,0,3380.6194761171414,1898.4079476127858,1482.2115285043565,1.8200000000000003,0.17822369400236768,2.6,0.06666666666666667,4
PABFD,5,medium,linear,ashrae,45,1,5912.3413311819995,3715.5325608648154,2196.8087703171855,1.6525000000000003,0.3591726964564473,4.933333333333334,0.65,39
PABFD,6,medium,linear,ashrae,39,0,5200.057448122844,3229.859644954263,1970.1978031685778,1.6700000000000004,0.31367771202856737,4.266666666666667,0.5666666666666667,34
PABFD,7,medium,linear,ashrae,37,0,4242.93904636507,2472.0159419401352,1770.9231044249364,1.7566666666666666,0.23889184110002498,3.283333333333333,0.43333333333333335,26
PABFD,8,medium,linear,ashrae,28,0,3782.38073477659,2145.7968455938676,1636.5838891827234,1.79,0.19959200844330868,2.966666666666667,0.13333333333333333,8
PABFD,9,medium,linear,ashrae,34,0,3613.917532224871,2067.9987579091335,1545.9187743157402,1.8033333333333332,0.195184955168358,2.816666666666667,0.16666666666666666,10
D_PABFD_NL,0,medium,linear,ashrae,33,0,3960.7363402835995,2305.003817048164,1655.7325232354372,1.7833333333333337,0.21574144760151184,3.1666666666666665,0.21666666666666667,13
D_PABFD_NL,1,medium,linear,ashrae,42,0,5189.6764206964135,3188.62001379493,2001.0564069014865,1.6900000000000002,0.3071518544064684,4.25,0.5166666666666667,31
D_PABFD_NL,2,medium,linear,ashrae,43,0,3185.7417483687427,1816.2185442168184,1369.523204151922,1.8066666666666669,0.17300343411422586,2.45,0.36666666666666664,22
D_PABFD_NL,3,medium,linear,ashrae,38,0,4345.127742582894,2572.6119969402716,1772.5157456426234,1.7500000000000002,0.24418740684079107,3.4833333333333334,0.15,9
D_PABFD_NL,4,medium,linear,ashrae,30,0,3390.8194761171417,1904.4079476127858,1486.4115285043565,1.8200000000000003,0.17822369400236768,2.6166666666666667,0.03333333333333333,2
D_PABFD_NL,5,medium,linear,ashrae,45,1,5917.741331181999,3721.5325608648154,2196.2087703171856,1.6525000000000003,0.3591726964564473,4.95,0.65,39
D_PABFD_NL,6,medium,linear,ashrae,39,0,5220.457448122844,3241.859644954263,1978.597803168578,1.6700000000000004,0.31367771202856737,4.3,0.5666666666666667,34
D_PABFD_NL,7,medium,linear,ashrae,37,0,4220.1390463650705,2460.0159419401352,1760.1231044249364,1.7566666666666666,0.23889184110002498,3.25,0.4,24
D_PABFD_NL,8,medium,linear,ashrae,28,0,3833.38073477659,2175.7968455938676,1657.5838891827234,1.79,0.19959200844330868,3.05,0.13333333333333333,8
D_PABFD_NL,9,medium,linear,ashrae,34,0,3634.3175322248712,2079.9987579091335,1554.3187743157403,1.8033333333333332,0.195184955168358,2.85,0.03333333333333333,2
SpreadFit,0,medium,linear,ashrae,33,0,4155.736340283599,2419.003817048164,1736.7325232354372,1.7833333333333337,0.21574144760151184,3.4833333333333334,0.11666666666666667,7
SpreadFit,1,medium,linear,ashrae,42,0,5645.6764206964135,3464.62001379493,2181.0564069014863,1.6900000000000002,0.3071518544064684,5.016666666666667,0.1,6
SpreadFit,2,medium,linear,ashrae,43,0,3440.141748368743,1960.2185442168186,1479.9232041519222,1.8066666666666669,0.17300343411422586,2.85,0.2,12
SpreadFit,3,medium,linear,ashrae,38,0,4684.127742582896,2770.6119969402716,1913.5157456426239,1.7500000000000002,0.24418740684079107,4.033333333333333,0.05,3
SpreadFit,4,medium,linear,ashrae,30,0,3752.0194761171415,2108.407947612786,1643.6115285043566,1.8200000000000003,0.17822369400236768,3.183333333333333,0.0,0
SpreadFit,5,medium,linear,ashrae,45,1,6069.541331181999,3811.5325608648154,2258.0087703171857,1.6525000000000003,0.3591726964564473,5.2,0.65,39
SpreadFit,6,medium,linear,ashrae,39,0,5701.6574481228445,3541.8596449542624,2159.797803168578,1.6700000000000004,0.31367771202856737,5.133333333333334,0.5666666666666667,34
SpreadFit,7,medium,linear,ashrae,37,0,4665.93904636507,2718.0159419401343,1947.9231044249361,1.7566666666666666,0.23889184110002498,3.966666666666667,0.25,15
SpreadFit,8,medium,linear,ashrae,28,0,4152.58073477659,2355.796845593867,1796.7838891827237,1.79,0.19959200844330868,3.55,0.0,0
SpreadFit,9,medium,linear,ashrae,34,0,3959.517532224871,2259.998757909133,1699.51877431574,1.8033333333333332,0.195184955168358,3.35,0.016666666666666666,1
Random,0,medium,linear,ashrae,33,0,4145.536340283599,2413.003817048164,1732.5325232354373,1.7833333333333337,0.21574144760151184,3.466666666666667,0.11666666666666667,7
Random,1,medium,linear,ashrae,42,0,5586.876420696413,3428.62001379493,2158.256406901486,1.6900000000000002,0.3071518544064684,4.916666666666667,0.16666666666666666,10
Random,2,medium,linear,ashrae,43,0,3338.141748368743,1900.2185442168186,1437.9232041519226,1.8066666666666669,0.17300343411422586,2.683333333333333,0.2,12
Random,3,medium,linear,ashrae,38,0,4578.5277425828945,2710.6119969402716,1867.9157456426235,1.7500000000000002,0.24418740684079107,3.8666666666666667,0.05,3
Random,4,medium,linear,ashrae,30,0,3671.6194761171414,2060.407947612786,1611.2115285043565,1.8200000000000003,0.17822369400236768,3.05,0.05,3
Random,5,medium,linear,ashrae,45,1,6059.3413311819995,3805.5325608648154,2253.8087703171855,1.6525000000000003,0.3591726964564473,5.183333333333334,0.65,39
Random,6,medium,linear,ashrae,39,0,5483.857448122844,3403.859644954263,2079.997803168578,1.6700000000000004,0.31367771202856737,4.75,0.5666666666666667,34
Random,7,medium,linear,ashrae,37,0,4583.139046365071,2670.0159419401343,1913.1231044249362,1.7566666666666666,0.23889184110002498,3.8333333333333335,0.25,15
Random,8,medium,linear,ashrae,28,0,4120.78073477659,2337.796845593867,1782.9838891827235,1.79,0.19959200844330868,3.5,0.0,0
Random,9,medium,linear,ashrae,34,0,3868.317532224872,2211.998757909133,1656.3187743157403,1.8033333333333332,0.195184955168358,3.216666666666667,0.06666666666666667,4
PABFD,0,high,linear,ashrae,33,0,3298.835425615832,1862.27638196109,1436.5590436547418,1.8233333333333337,0.17486599665946115,2.55,0.26666666666666666,16
PABFD,1,high,linear,ashrae,42,0,4411.048248349444,2620.695918052764,1790.3523302966812,1.75,0.2508696144542153,3.5166666666666666,0.45,27
PABFD,2,high,linear,ashrae,43,0,2731.4992969597506,1526.4850122909338,1205.0142846688163,1.8333333333333333,0.14379352079461755,2.0833333333333335,0.26666666666666666,16
PABFD,3,high,linear,ashrae,38,0,3583.5258365071713,2070.0276578822027,1513.4981786249677,1.7933333333333337,0.19444956627448204,2.8333333333333335,0.1,6
PABFD,4,high,linear,ashrae,30,0,2731.4359504249246,1502.8029295682916,1228.6330208566326,1.8533333333333337,0.13940794992005406,2.0833333333333335,0.03333333333333333,2
PABFD,5,high,linear,ashrae,45,0,4856.092761694874,2954.489741118794,1901.6030205760799,1.7166666666666672,0.2860166187257025,3.9166666666666665,0.5,30
PABFD,6,high,linear,ashrae,39,0,4268.286689831883,2555.59175578643,1712.6949340454503,1.7400000000000004,0.24770217699748726,3.3833333333333333,0.48333333333333334,29
PABFD,7,high,linear,ashrae,37,0,3516.4114250620178,1982.2994714645217,1534.1119535974954,1.8166666666666669,0.1915369391600967,2.6333333333333333,0.45,27
PABFD,8,high,linear,ashrae,28,0,3213.967646468145,1764.2673483194537,1449.7002981486903,1.846666666666667,0.16116062005915802,2.4833333333333334,0.08333333333333333,5
PABFD,9,high,linear,ashrae,34,0,3042.600867781885,1695.639366032563,1346.961501749323,1.8433333333333335,0.15956284556158556,2.316666666666667,0.13333333333333333,8
D_PABFD_NL,0,high,linear,ashrae,33,0,3298.835425615832,1862.27638196109,1436.5590436547418,1.8233333333333337,0.17486599665946115,2.55,0.26666666666666666,16
D_PABFD_NL,1,high,linear,ashrae,42,0,4411.048248349444,2620.695918052764,1790.3523302966812,1.75,0.2508696144542153,3.5166666666666666,0.45,27
D_PABFD_NL,2,high,linear,ashrae,43,0,2731.4992969597506,1526.4850122909338,1205.0142846688163,1.8333333333333333,0.14379352079461755,2.0833333333333335,0.26666666666666666,16
D_PABFD_NL,3,high,linear,ashrae,38,0,3603.9258365071714,2082.0276578822027,1521.8981786249678,1.7933333333333337,0.19444956627448204,2.8666666666666667,0.1,6
D_PABFD_NL,4,high,linear,ashrae,30,0,2754.2359504249243,1514.8029295682916,1239.4330208566325,1.8533333333333337,0.13940794992005406,2.1166666666666667,0.03333333333333333,2
D_PABFD_NL,5,high,linear,ashrae,45,0,4910.692761694873,2984.489741118794,1926.2030205760798,1.7166666666666672,0.2860166187257025,4.0,0.5,30
D_PABFD_NL,6,high,linear,ashrae,39,0,4256.886689831884,2549.59175578643,1707.2949340454502,1.7400000000000004,0.24770217699748726,3.3666666666666667,0.45,27
D_PABFD_NL,7,high,linear,ashrae,37,0,3493.611425062018,1970.2994714645217,1523.3119535974954,1.8166666666666669,0.1915369391600967,2.6,0.4166666666666667,25
D_PABFD_NL,8,high,linear,ashrae,28,0,3213.967646468145,1764.2673483194537,1449.7002981486903,1.846666666666667,0.16116062005915802,2.4833333333333334,0.08333333333333333,5
D_PABFD_NL,9,high,linear,ashrae,34,0,3064.200867781885,1707.639366032563,1356.561501749323,1.8433333333333335,0.15956284556158556,2.35,0.03333333333333333,2
SpreadFit,0,high,linear,ashrae,33,0,3459.035425615831,1952.27638196109,1506.7590436547418,1.8233333333333337,0.17486599665946115,2.8,0.1,6
SpreadFit,1,high,linear,ashrae,42,0,4757.848248349445,2824.6959180527633,1933.1523302966818,1.75,0.2508696144542153,4.083333333333333,0.08333333333333333,5
SpreadFit,2,high,linear,ashrae,43,0,2905.4992969597506,1622.4850122909338,1283.0142846688163,1.8333333333333333,0.14379352079461755,2.35,0.15,9
SpreadFit,3,high,linear,ashrae,38,0,3824.1258365071712,2208.027657882203,1616.0981786249679,1.7933333333333337,0.19444956627448204,3.216666666666667,0.05,3
SpreadFit,4,high,linear,ashrae,30,0,3002.0359504249236,1652.8029295682916,1349.2330208566325,1.8533333333333337,0.13940794992005406,2.5,0.0,0
SpreadFit,5,high,linear,ashrae,45,0,5015.092761694874,3044.489741118794,1970.6030205760799,1.7166666666666672,0.2860166187257025,4.166666666666667,0.5,30
SpreadFit,6,high,linear,ashrae,39,0,4676.886689831884,2801.59175578643,1875.2949340454504,1.7400000000000004,0.24770217699748726,4.066666666666666,0.45,27
SpreadFit,7,high,linear,ashrae,37,0,3862.0114250620177,2174.2994714645215,1687.7119535974955,1.8166666666666669,0.1915369391600967,3.1666666666666665,0.2,12
SpreadFit,8,high,linear,ashrae,28,0,3465.367646468145,1902.2673483194537,1563.1002981486904,1.846666666666667,0.16116062005915802,2.8666666666666667,0.0,0
SpreadFit,9,high,linear,ashrae,34,0,3305.400867781885,1839.639366032563,1465.761501749323,1.8433333333333335,0.15956284556158556,2.716666666666667,0.016666666666666666,1
Random,0,high,linear,ashrae,33,0,3447.635425615831,1946.27638196109,1501.359043654742,1.8233333333333337,0.17486599665946115,2.783333333333333,0.11666666666666667,7
Random,1,high,linear,ashrae,42,0,4684.048248349445,2782.6959180527633,1901.3523302966812,1.75,0.2508696144542153,3.966666666666667,0.08333333333333333,5
Random,2,high,linear,ashrae,43,0,2840.699296959751,1586.4850122909338,1254.2142846688162,1.8333333333333333,0.14379352079461755,2.25,0.15,9
Random,3,high,linear,ashrae,38,0,3687.9258365071714,2130.027657882202,1557.8981786249678,1.7933333333333337,0.19444956627448204,3.0,0.08333333333333333,5
Random,4,high,linear,ashrae,30,0,2922.2359504249234,1610.8029295682916,1311.4330208566323,1.8533333333333337,0.13940794992005406,2.3833333333333333,0.0,0
Random,5,high,linear,ashrae,45,0,4988.092761694874,3026.489741118794,1961.6030205760799,1.7166666666666672,0.2860166187257025,4.116666666666666,0.5,30
Random,6,high,linear,ashrae,39,0,4464.486689831884,2669.59175578643,1794.8949340454503,1.7400000000000004,0.24770217699748726,3.7,0.48333333333333334,29
Random,7,high,linear,ashrae,37,0,3820.0114250620177,2150.2994714645215,1669.7119535974955,1.8166666666666669,0.1915369391600967,3.1,0.21666666666666667,13
Random,8,high,linear,ashrae,28,0,3432.367646468145,1884.2673483194535,1548.1002981486904,1.846666666666667,0.16116062005915802,2.816666666666667,0.0,0
Random,9,high,linear,ashrae,34,0,3237.000867781885,1803.639366032563,1433.361501749323,1.8433333333333335,0.15956284556158556,2.6166666666666667,0.05,3
PABFD,0,low,quadratic,ashrae,33,0,3787.1879392080446,2265.1365029121425,1522.0514362959036,1.7499999999999998,0.24731997578770035,3.5,0.38333333333333336,23
PABFD,1,low,quadratic,ashrae,42,0,5050.289666608606,3165.30033528706,1884.9893313215484,1.6475000000000002,0.3490449256358889,4.75,0.5666666666666667,34
PABFD,2,low,quadratic,ashrae,43,0,3141.1371713723515,1814.0092964823232,1327.127874890028,1.7866666666666664,0.19574488627005374,2.7666666666666666,0.4,24
PABFD,3,low,quadratic,ashrae,38,0,4256.231794028414,2592.3011942818134,1663.930599746596,1.7049999999999998,0.2857484661658517,3.9166666666666665,0.21666666666666667,13
PABFD,4,low,quadratic,ashrae,30,0,3266.904383848588,1879.2514065389578,1387.652977309629,1.7800000000000002,0.20315959427375485,3.0166666666666666,0.08333333333333333,5
PABFD,5,low,quadratic,ashrae,45,1,5660.204089324023,3656.3578207687274,2003.8462685552938,1.6008333333333333,0.4002831734988744,5.533333333333333,0.7166666666666667,43
PABFD,6,low,quadratic,ashrae,39,0,5256.3907018841355,3312.6568046296084,1943.733897254526,1.6450000000000002,0.3624276056437404,4.95,0.65,39
PABFD,7,low,quadratic,ashrae,37,0,4126.0641664451805,2447.2610496592283,1678.8031167859517,1.7333333333333334,0.2677151828298579,3.65,0.4666666666666667,28
PABFD,8,low,quadratic,ashrae,28,0,3670.3715301559296,2117.280487269686,1553.0910428862437,1.76,0.22972872078521298,3.3,0.18333333333333332,11
PABFD,9,low,quadratic,ashrae,34,0,3423.832163822627,1981.9649351778287,1441.8672286448004,1.7866666666666664,0.21765722529612647,3.1166666666666667,0.2,12
D_PABFD_NL,0,low,quadratic,ashrae,33,0,3768.0590298228185,2255.121980420514,1512.937049402305,1.7499999999999998,0.24731997578770035,3.5833333333333335,0.26666666666666666,16
D_PABFD_NL,1,low,quadratic,ashrae,42,0,5058.630668242644,3170.109614734607,1888.5210535080375,1.6475000000000002,0.3490449256358889,4.816666666666666,0.5666666666666667,34
D_PABFD_NL,2,low,quadratic,ashrae,43,0,3140.701108256319,1813.7527887670099,1326.9483194893085,1.7866666666666664,0.19574488627005374,2.7666666666666666,0.38333333333333336,23
D_PABFD_NL,3,low,quadratic,ashrae,38,0,4280.620092815751,2606.756322260892,1673.8637705548558,1.7049999999999998,0.2857484661658517,4.083333333333333,0.08333333333333333,5
D_PABFD_NL,4,low,quadratic,ashrae,30,0,3217.9953856128154,1851.205041775898,1366.790343836916,1.7800000000000002,0.20315959427375485,2.8666666666666667,0.08333333333333333,5
D_PABFD_NL,5,low,quadratic,ashrae,45,1,5611.45054097075,3626.0591322043347,1985.3914087664164,1.6008333333333333,0.4002831734988744,5.45,0.7166666666666667,43
D_PABFD_NL,6,low,quadratic,ashrae,39,0,5198.304277775774,3277.0262196866324,1921.2780580891424,1.6450000000000002,0.3624276056437404,4.933333333333334,0.7,42
D_PABFD_NL,7,low,quadratic,ashrae,37,0,4117.247855149975,2443.4779421514236,1673.7699129985492,1.7333333333333334,0.2677151828298579,3.6666666666666665,0.4,24
D_PABFD_NL,8,low,quadratic,ashrae,28,0,3706.3016589011877,2137.8155657597686,1568.4860931414191,1.76,0.22972872078521298,3.5,0.06666666666666667,4
D_PABFD_NL,9,low,quadratic,ashrae,34,0,3428.1667192161954,1985.0760897445195,1443.0906294716772,1.7866666666666664,0.21765722529612647,3.183333333333333,0.03333333333333333,2
SpreadFit,0,low,quadratic,ashrae,33,0,3890.6576410259745,2327.8921526195936,1562.7654884063809,1.7499999999999998,0.24731997578770035,4.0,0.13333333333333333,8
SpreadFit,1,low,quadratic,ashrae,42,0,5246.064764046922,3286.7543861037902,1959.3103779431328,1.6475000000000002,0.3490449256358889,5.716666666666667,0.11666666666666667,7
SpreadFit,2,low,quadratic,ashrae,43,0,3276.818473032342,1891.0065902514255,1385.8118827809164,1.7866666666666664,0.19574488627005374,3.2333333333333334,0.21666666666666667,13
SpreadFit,3,low,quadratic,ashrae,38,0,4471.864474030579,2721.4879599671594,1750.3765140634168,1.7049999999999998,0.2857484661658517,4.7,0.06666666666666667,4
SpreadFit,4,low,quadratic,ashrae,30,0,3459.637579653484,1989.8470579576874,1469.7905216957963,1.7800000000000002,0.20315959427375485,3.65,0.0,0
SpreadFit,5,low,quadratic,ashrae,45,1,5749.845836162348,3713.5974770156045,2036.248359146743,1.6008333333333333,0.4002831734988744,5.833333333333333,0.7166666666666667,43
SpreadFit,6,low,quadratic,ashrae,39,0,5528.691982677334,3484.239768244097,2044.4522144332382,1.6450000000000002,0.3624276056437404,5.933333333333334,0.65,39
SpreadFit,7,low,quadratic,ashrae,37,0,4392.348189811382,2604.4685195667594,1787.8796702446193,1.7333333333333334,0.2677151828298579,4.466666666666667,0.2833333333333333,17
SpreadFit,8,low,quadratic,ashrae,28,0,3897.857512573797,2247.9840150891637,1649.8734974846336,1.76,0.22972872078521298,4.083333333333333,0.0,0
SpreadFit,9,low,quadratic,ashrae,34,0,3624.7833876502746,2093.924243130333,1530.8591445199431,1.7866666666666664,0.21765722529612647,3.75,0.016666666666666666,1
Random,0,low,quadratic,ashrae,33,0,3871.4369268099927,2316.585850139605,1554.8510766703885,1.7499999999999998,0.24731997578770035,3.95,0.13333333333333333,8
Random,1,low,quadratic,ashrae,42,0,5202.000711827207,3259.036994890028,1942.96371693718,1.6475000000000002,0.3490449256358889,5.5,0.25,15
Random,2,low,quadratic,ashrae,43,0,3185.6835095380584,1837.7034538038486,1347.9800557342098,1.7866666666666664,0.19574488627005374,2.9,0.3333333333333333,20
Random,3,low,quadratic,ashrae,38,0,4376.989367519745,2664.8741453549037,1712.1152221648388,1.7049999999999998,0.2857484661658517,4.366666666666666,0.15,9
Random,4,low,quadratic,ashrae,30,0,3392.9699313933775,1951.3225775734857,1441.6473538198925,1.7800000000000002,0.20315959427375485,3.5,0.0,0
Random,5,low,quadratic,ashrae,45,1,5656.260804341273,3654.4766196716214,2001.7841846696515,1.6008333333333333,0.4002831734988744,5.566666666666666,0.7166666666666667,43
Random,6,low,quadratic,ashrae,39,0,5368.2122029267875,3383.420329306932,1984.7918736198542,1.6450000000000002,0.3624276056437404,5.35,0.7,42
Random,7,low,quadratic,ashrae,37,0,4295.264304804708,2547.49726586963,1747.767038935076,1.7333333333333334,0.2677151828298579,4.233333333333333,0.2833333333333333,17
Random,8,low,quadratic,ashrae,28,0,3866.3354279030077,2229.4416123416395,1636.8938155613678,1.76,0.22972872078521298,3.9833333333333334,0.016666666666666666,1
Random,9,low,quadratic,ashrae,34,0,3545.944396154129,2051.2146816021113,1494.7297145520195,1.7866666666666664,0.21765722529612647,3.55,0.08333333333333333,5
PABFD,0,medium,quadratic,ashrae,33,0,3411.287224554089,1986.277917554098,1425.0093069999928,1.7833333333333337,0.21574144760151184,3.1333333333333333,0.31666666666666665,19
PABFD,1,medium,quadratic,ashrae,42,0,4549.374078200206,2793.8001205882624,1755.573957611947,1.6900000000000002,0.3071518544064684,4.25,0.5166666666666667,31
PABFD,2,medium,quadratic,ashrae,43,0,2813.2326676050557,1605.531100684113,1207.7015669209425,1.8066666666666669,0.17300343411422586,2.45,0.36666666666666664,22
PABFD,3,medium,quadratic,ashrae,38,0,3763.275867006136,2229.7779250733233,1533.497941932813,1.7500000000000002,0.24418740684079107,3.466666666666667,0.15,9
PABFD,4,medium,quadratic,ashrae,30,0,2914.594465579979,1637.948807577726,1276.645658002252,1.8200000000000003,0.17822369400236768,2.6,0.06666666666666667,4
PABFD,5,medium,quadratic,ashrae,45,1,5199.7723376020795,3265.282224752456,1934.4901128496222,1.6525000000000003,0.3591726964564473,4.933333333333334,0.65,39
PABFD,6,medium,quadratic,ashrae,39,0,4599.620949620052,2859.843194674362,1739.777754945689,1.6700000000000004,0.31367771202856737,4.266666666666667,0.5666666666666667,34
PABFD,7,medium,quadratic,ashrae,37,0,3757.850468228243,2191.4320508124906,1566.4184174157513,1.7566666666666666,0.23889184110002498,3.283333333333333,0.43333333333333335,26
PABFD,8,medium,quadratic,ashrae,28,0,3265.0950697522453,1853.5634433892783,1411.5316263629672,1.79,0.19959200844330868,2.966666666666667,0.13333333333333333,8
PABFD,9,medium,quadratic,ashrae,34,0,3108.100104107147,1779.5780704376755,1328.5220336694736,1.8033333333333332,0.195184955168358,2.816666666666667,0.16666666666666666,10
D_PABFD_NL,0,medium,quadratic,ashrae,33,0,3387.0763271883034,1972.6878845061594,1414.3884426821455,1.7833333333333337,0.21574144760151184,3.1666666666666665,0.21666666666666667,13
D_PABFD_NL,1,medium,quadratic,ashrae,42,0,4550.152661963487,2794.3957923152575,1755.756869648233,1.6900000000000002,0.3071518544064684,4.25,0.5166666666666667,31
D_PABFD_NL,2,medium,quadratic,ashrae,43,0,2812.7966044890227,1605.2745929687994,1207.5220115202233,1.8066666666666669,0.17300343411422586,2.45,0.35,21
D_PABFD_NL,3,medium,quadratic,ashrae,38,0,3783.13629842988,2241.554277298549,1541.5820211313303,1.7500000000000002,0.24418740684079107,3.5833333333333335,0.1,6
D_PABFD_NL,4,medium,quadratic,ashrae,30,0,2886.366771711264,1622.3646269867775,1264.0021447244853,1.8200000000000003,0.17822369400236768,2.6166666666666667,0.03333333333333333,2
D_PABFD_NL,5,medium,quadratic,ashrae,45,1,5189.178844801748,3259.4163091369123,1929.7625356648355,1.6525000000000003,0.3591726964564473,4.916666666666667,0.65,39
D_PABFD_NL,6,medium,quadratic,ashrae,39,0,4584.185692199674,2850.302721718232,1733.8829704814439,1.6700000000000004,0.31367771202856737,4.283333333333333,0.5666666666666667,34
D_PABFD_NL,7,medium,quadratic,ashrae,37,0,3730.952431818326,2177.069706672681,1553.882725145644,1.7566666666666666,0.23889184110002498,3.25,0.4,24
D_PABFD_NL,8,medium,quadratic,ashrae,28,0,3314.5453867765796,1881.4512824481606,1433.0941043284192,1.79,0.19959200844330868,3.183333333333333,0.03333333333333333,2
D_PABFD_NL,9,medium,quadratic,ashrae,34,0,3107.7877626859527,1779.3859392239601,1328.401823461994,1.8033333333333332,0.195184955168358,2.85,0.03333333333333333,2
SpreadFit,0,medium,quadratic,ashrae,33,0,3484.052507863885,2029.7152162781913,1454.3372915856958,1.7833333333333337,0.21574144760151184,3.4833333333333334,0.11666666666666667,7
SpreadFit,1,medium,quadratic,ashrae,42,0,4705.906427604744,2889.164825533218,1816.7416020715257,1.6900000000000002,0.3071518544064684,5.016666666666667,0.1,6
SpreadFit,2,medium,quadratic,ashrae,43,0,2926.8302586621185,1668.9400954266903,1257.8901632354289,1.8066666666666669,0.17300343411422586,2.85,0.2,12
SpreadFit,3,medium,quadratic,ashrae,38,0,3934.379611900598,2329.274772407999,1605.1048394925979,1.7500000000000002,0.24418740684079107,4.033333333333333,0.05,3
SpreadFit,4,medium,quadratic,ashrae,30,0,3096.892745636366,1740.8768540163153,1356.0158916200514,1.8200000000000003,0.17822369400236768,3.183333333333333,0.0,0
SpreadFit,5,medium,quadratic,ashrae,45,1,5293.396753063472,3322.5225110330603,1970.8742420304095,1.6525000000000003,0.3591726964564473,5.2,0.65,39
SpreadFit,6,medium,quadratic,ashrae,39,0,4846.9308362552,3014.0859531794404,1832.844883075761,1.6700000000000004,0.31367771202856737,5.133333333333334,0.5666666666666667,34
SpreadFit,7,medium,quadratic,ashrae,37,0,3978.27767343311,2319.022885777013,1659.2547876560957,1.7566666666666666,0.23889184110002498,3.966666666666667,0.25,15
SpreadFit,8,medium,quadratic,ashrae,28,0,3440.1874434646957,1952.3971650533747,1487.7902784113219,1.79,0.19959200844330868,3.55,0.0,0
SpreadFit,9,medium,quadratic,ashrae,34,0,3280.8951403062274,1874.6728341282355,1406.222306177993,1.8033333333333332,0.195184955168358,3.35,0.016666666666666666,1
Random,0,medium,quadratic,ashrae,33,0,3477.6456031252246,2025.9464487848616,1451.6991543403649,1.7833333333333337,0.21574144760151184,3.466666666666667,0.11666666666666667,7
Random,1,medium,quadratic,ashrae,42,0,4685.017519711239,2876.306249010518,1808.7112707007218,1.6900000000000002,0.3071518544064684,4.916666666666667,0.16666666666666666,10
Random,2,medium,quadratic,ashrae,43,0,2872.4939774152176,1637.3702835795293,1235.123693835688,1.8066666666666669,0.17300343411422586,2.683333333333333,0.2,12
Random,3,medium,quadratic,ashrae,38,0,3870.276116033358,2292.800738937548,1577.4753770958082,1.7500000000000002,0.24418740684079107,3.8666666666666667,0.05,3
Random,4,medium,quadratic,ashrae,30,0,3057.63314804218,1717.3644901199327,1340.268657922248,1.8200000000000003,0.17822369400236768,3.05,0.05,3
Random,5,medium,quadratic,ashrae,45,1,5289.593771438049,3320.2854630181055,1969.308308419941,1.6525000000000003,0.3591726964564473,5.183333333333334,0.65,39
Random,6,medium,quadratic,ashrae,39,0,4743.266053999309,2948.187415879022,1795.0786381202893,1.6700000000000004,0.31367771202856737,4.75,0.5666666666666667,34
Random,7,medium,quadratic,ashrae,37,0,3906.8982227992205,2277.7124669473533,1629.1857558518648,1.7566666666666666,0.23889184110002498,3.8333333333333335,0.25,15
Random,8,medium,quadratic,ashrae,28,0,3422.0070431493436,1942.1525568952927,1479.8544862540512,1.79,0.19959200844330868,3.5,0.0,0
Random,9,medium,quadratic,ashrae,34,0,3225.456558994019,1845.4946334375995,1379.961925556421,1.8033333333333332,0.195184955168358,3.216666666666667,0.06666666666666667,4
PABFD,0,high,quadratic,ashrae,33,0,2852.162600885812,1611.4753621723871,1240.6872387134244,1.8233333333333337,0.17486599665946115,2.55,0.26666666666666666,16
PABFD,1,high,quadratic,ashrae,42,0,3847.6060863488538,2285.567994114989,1562.038092233866,1.75,0.2508696144542153,3.5166666666666666,0.45,27
PABFD,2,high,quadratic,ashrae,43,0,2400.9040288385286,1342.3487707714019,1058.5552580671272,1.8333333333333333,0.14379352079461755,2.0833333333333335,0.26666666666666666,16
PABFD,3,high,quadratic,ashrae,38,0,3096.479639786994,1790.4466242054505,1306.0330155815434,1.7933333333333337,0.19444956627448204,2.8333333333333335,0.1,6
PABFD,4,high,quadratic,ashrae,30,0,2332.9408005349064,1284.6352994255162,1048.30550110939,1.8533333333333337,0.13940794992005406,2.0833333333333335,0.03333333333333333,2
PABFD,5,high,quadratic,ashrae,45,0,4272.206783055898,2595.8444089827663,1676.3623740731296,1.7166666666666672,0.2860166187257025,3.9166666666666665,0.5,30
PABFD,6,high,quadratic,ashrae,39,0,3772.5607720543235,2263.122897470256,1509.4378745840675,1.7400000000000004,0.24770217699748726,3.3833333333333333,0.48333333333333334,29
PABFD,7,high,quadratic,ashrae,37,0,3118.7713424246494,1759.6632326682893,1359.108109756362,1.8166666666666669,0.1915369391600967,2.6333333333333333,0.45,27
PABFD,8,high,quadratic,ashrae,28,0,2746.9063361305375,1508.6700970403117,1238.236239090227,1.846666666666667,0.16116062005915802,2.4833333333333334,0.08333333333333333,5
PABFD,9,high,quadratic,ashrae,34,0,2610.945834346382,1456.488182093357,1154.4576522530242,1.8433333333333335,0.15956284556158556,2.316666666666667,0.13333333333333333,8
D_PABFD_NL,0,high,quadratic,ashrae,33,0,2847.991782706052,1609.101687295605,1238.8900954104463,1.8233333333333337,0.17486599665946115,2.55,0.25,15
D_PABFD_NL,1,high,quadratic,ashrae,42,0,3839.7809199441353,2280.961212829705,1558.8197071144323,1.75,0.2508696144542153,3.5,0.4666666666666667,28
D_PABFD_NL,2,high,quadratic,ashrae,43,0,2400.9040288385286,1342.3487707714019,1058.5552580671272,1.8333333333333333,0.14379352079461755,2.0833333333333335,0.26666666666666666,16
D_PABFD_NL,3,high,quadratic,ashrae,38,0,3103.6678331155354,1794.6749732222395,1308.9928598932956,1.7933333333333337,0.19444956627448204,2.8666666666666667,0.1,6
D_PABFD_NL,4,high,quadratic,ashrae,30,0,2336.699223986921,1286.2984907611585,1050.4007332257634,1.8533333333333337,0.13940794992005406,2.1166666666666667,0.03333333333333333,2
D_PABFD_NL,5,high,quadratic,ashrae,45,0,4296.160164127843,2607.915426437886,1688.244737689956,1.7166666666666672,0.2860166187257025,3.9833333333333334,0.5,30
D_PABFD_NL,6,high,quadratic,ashrae,39,0,3744.92022109009,2247.516499130509,1497.403721959581,1.7400000000000004,0.24770217699748726,3.316666666666667,0.45,27
D_PABFD_NL,7,high,quadratic,ashrae,37,0,3085.9953945419616,1742.2682906409611,1343.7271039010018,1.8166666666666669,0.1915369391600967,2.6,0.4166666666666667,25
D_PABFD_NL,8,high,quadratic,ashrae,28,0,2746.3820779793277,1508.361709892541,1238.0203680867876,1.846666666666667,0.16116062005915802,2.4833333333333334,0.08333333333333333,5
D_PABFD_NL,9,high,quadratic,ashrae,34,0,2614.411548186966,1458.3702413215435,1156.0413068654213,1.8433333333333335,0.15956284556158556,2.35,0.03333333333333333,2
SpreadFit,0,high,quadratic,ashrae,33,0,2905.5593471964166,1641.5039518317276,1264.0553953646884,1.8233333333333337,0.17486599665946115,2.8,0.1,6
SpreadFit,1,high,quadratic,ashrae,42,0,3965.5770029456808,2355.5342724147185,1610.0427305309613,1.75,0.2508696144542153,4.083333333333333,0.08333333333333333,5
SpreadFit,2,high,quadratic,ashrae,43,0,2476.182458242049,1383.5110234602619,1092.6714347817874,1.8333333333333333,0.14379352079461755,2.35,0.15,9
SpreadFit,3,high,quadratic,ashrae,38,0,3213.76278181168,1857.1975907301512,1356.565191081528,1.7933333333333337,0.19444956627448204,3.216666666666667,0.05,3
SpreadFit,4,high,quadratic,ashrae,30,0,2474.5889873073,1362.8276028234532,1111.761384483847,1.8533333333333337,0.13940794992005406,2.5,0.0,0
SpreadFit,5,high,quadratic,ashrae,45,0,4366.504185869523,2649.344409414878,1717.1597764546457,1.7166666666666672,0.2860166187257025,4.166666666666667,0.5,30
SpreadFit,6,high,quadratic,ashrae,39,0,3971.9585078171744,2383.4374038674205,1588.5211039497535,1.7400000000000004,0.24770217699748726,4.066666666666666,0.45,27
SpreadFit,7,high,quadratic,ashrae,37,0,3290.025952384306,1854.4224336157176,1435.6035187685898,1.8166666666666669,0.1915369391600967,3.1666666666666665,0.2,12
SpreadFit,8,high,quadratic,ashrae,28,0,2868.0226245859717,1574.9156714259022,1293.1069531600717,1.846666666666667,0.16116062005915802,2.8666666666666667,0.0,0
SpreadFit,9,high,quadratic,ashrae,34,0,2743.848732450019,1528.7944431678252,1215.054289282193,1.8433333333333335,0.15956284556158556,2.716666666666667,0.016666666666666666,1
Random,0,high,quadratic,ashrae,33,0,2902.139321473468,1639.7039382933333,1262.4353831801338,1.8233333333333337,0.17486599665946115,2.783333333333333,0.11666666666666667,7
Random,1,high,quadratic,ashrae,42,0,3931.9098494806212,2336.6277888365,1595.2820606441223,1.75,0.2508696144542153,3.966666666666667,0.08333333333333333,5
Random,2,high,quadratic,ashrae,43,0,2438.043747116698,1362.2638118113375,1075.7799353053604,1.8333333333333333,0.14379352079461755,2.25,0.15,9
Random,3,high,quadratic,ashrae,38,0,3145.3866807951576,1818.4723727505602,1326.9143080445974,1.7933333333333337,0.19444956627448204,3.0,0.08333333333333333,5
Random,4,high,quadratic,ashrae,30,0,2424.8251183674683,1336.6360928551208,1088.1890255123478,1.8533333333333337,0.13940794992005406,2.3833333333333333,0.0,0
Random,5,high,quadratic,ashrae,45,0,4349.792925111616,2638.2035689096065,1711.5893562020103,1.7166666666666672,0.2860166187257025,4.116666666666666,0.5,30
Random,6,high,quadratic,ashrae,39,0,3864.236767521611,2316.0962271558924,1548.140540365719,1.7400000000000004,0.24770217699748726,3.7,0.48333333333333334,29
Random,7,high,quadratic,ashrae,37,0,3262.0201032045197,1838.5332581770135,1423.486845027508,1.8166666666666669,0.1915369391600967,3.1,0.21666666666666667,13
Random,8,high,quadratic,ashrae,28,0,2848.63353268685,1564.4098131871403,1284.2237194997117,1.846666666666667,0.16116062005915802,2.816666666666667,0.0,0
Random,9,high,quadratic,ashrae,34,0,2702.0755668501743,1506.8085665363278,1195.267000313846,1.8433333333333335,0.15956284556158556,2.6166666666666667,0.05,3
