seed,scenario,algorithm,t_lookahead,p_accuracy,total_energy_j,energy_kwh,sla_violation_rate,total_migrations,total_vms,idle_time_saved_s,idle_energy_saved_j
0,low,PABFD,300,0.75,2642884.2771471217,0.734134521429756,0.058333333333333334,0,31,0.0,0.0
0,low,FFD,300,0.75,2648884.2771471213,0.7358011880964226,0.055,0,31,0.0,0.0
0,low,P_PABFD_EWA,300,0.75,2642884.2771471217,0.734134521429756,0.058333333333333334,1,31,150.0,15000.0
0,low,P_PABFD_AR3,300,0.75,2624884.2771471217,0.729134521429756,0.058333333333333334,4,31,450.0,45000.0
0,low,P_PABFD_Oracle,300,0.75,2636884.2771471213,0.7324678547630893,0.058333333333333334,17,31,2250.0,225000.0
0,medium,PABFD,300,0.75,2633039.138169362,0.7313997606026006,0.056666666666666664,0,31,0.0,0.0
0,medium,FFD,300,0.75,2633039.138169362,0.7313997606026006,0.055,0,31,0.0,0.0
0,medium,P_PABFD_EWA,300,0.75,2669039.1381693617,0.7413997606026005,0.056666666666666664,2,31,300.0,30000.0
0,medium,P_PABFD_AR3,300,0.75,2669039.1381693617,0.7413997606026005,0.056666666666666664,4,31,450.0,45000.0
0,medium,P_PABFD_Oracle,300,0.75,2663039.1381693617,0.7397330939359338,0.056666666666666664,17,31,2250.0,225000.0
0,high,PABFD,300,0.75,2276244.5274327463,0.6322901465090962,0.03333333333333333,0,31,0.0,0.0
0,high,FFD,300,0.75,2270244.527432747,0.6306234798424297,0.03166666666666667,0,31,0.0,0.0
0,high,P_PABFD_EWA,300,0.75,2276244.5274327463,0.6322901465090962,0.03333333333333333,4,31,600.0,60000.0
0,high,P_PABFD_AR3,300,0.75,2276244.5274327463,0.6322901465090962,0.03333333333333333,3,31,450.0,45000.0
0,high,P_PABFD_Oracle,300,0.75,2276244.5274327463,0.6322901465090962,0.03333333333333333,13,31,1800.0,180000.0
1,low,PABFD,300,0.75,3341835.8546388405,0.928287737399678,0.035,0,37,0.0,0.0
1,low,FFD,300,0.75,3341835.8546388424,0.9282877373996784,0.025,0,37,0.0,0.0
1,low,P_PABFD_EWA,300,0.75,3341835.854638841,0.9282877373996781,0.035,3,37,450.0,45000.0
1,low,P_PABFD_AR3,300,0.75,3341835.8546388405,0.928287737399678,0.035,4,37,600.0,60000.0
1,low,P_PABFD_Oracle,300,0.75,3329835.854638841,0.9249544040663448,0.035,19,37,2400.0,240000.0
1,medium,PABFD,300,0.75,3297787.2341623083,0.91605200948953,0.03333333333333333,0,37,0.0,0.0
1,medium,FFD,300,0.75,3125656.585683039,0.8682379404675108,0.01,0,37,0.0,0.0
1,medium,P_PABFD_EWA,300,0.75,3297787.2341623083,0.91605200948953,0.03333333333333333,3,37,450.0,45000.0
1,medium,P_PABFD_AR3,300,0.75,3297787.2341623083,0.91605200948953,0.03333333333333333,2,37,300.0,30000.0
1,medium,P_PABFD_Oracle,300,0.75,3297787.2341623083,0.91605200948953,0.03333333333333333,15,37,1800.0,180000.0
1,high,PABFD,300,0.75,2866172.0676554316,0.7961589076820643,0.02666666666666667,0,37,0.0,0.0
1,high,FFD,300,0.75,2830172.0676554297,0.7861589076820638,0.016666666666666666,0,37,0.0,0.0
1,high,P_PABFD_EWA,300,0.75,2854172.0676554325,0.7928255743487312,0.03333333333333333,5,37,750.0,75000.0
1,high,P_PABFD_AR3,300,0.75,2854172.0676554325,0.7928255743487312,0.03333333333333333,7,37,1050.0,105000.0
1,high,P_PABFD_Oracle,300,0.75,2848172.0676554306,0.7911589076820641,0.02666666666666667,14,37,1800.0,180000.0
2,low,PABFD,300,0.75,3632667.9406721983,1.0090744279644994,0.03833333333333333,1,38,0.0,0.0
2,low,FFD,300,0.75,3632667.940672199,1.0090744279644996,0.03166666666666667,1,38,0.0,0.0
2,low,P_PABFD_EWA,300,0.75,3644667.9406721983,1.0124077612978328,0.045,1,38,150.0,15000.0
2,low,P_PABFD_AR3,300,0.75,3632667.9406721983,1.0090744279644994,0.03833333333333333,1,38,150.0,15000.0
2,low,P_PABFD_Oracle,300,0.75,3632667.9406721983,1.0090744279644994,0.04,24,38,3300.0,330000.0
2,medium,PABFD,300,0.75,3425626.1706415853,0.9515628251782181,0.03,0,38,0.0,0.0
2,medium,FFD,300,0.75,3437626.1706415853,0.9548961585115514,0.023333333333333334,2,38,0.0,0.0
2,medium,P_PABFD_EWA,300,0.75,3425626.1706415853,0.9515628251782181,0.03166666666666667,3,38,450.0,45000.0
2,medium,P_PABFD_AR3,300,0.75,3425626.1706415853,0.9515628251782181,0.03166666666666667,2,38,300.0,30000.0
2,medium,P_PABFD_Oracle,300,0.75,3425626.1706415853,0.9515628251782181,0.03166666666666667,22,38,3000.0,300000.0
2,high,PABFD,300,0.75,3048131.7873511515,0.8467032742642088,0.03166666666666667,1,38,0.0,0.0
2,high,FFD,300,0.75,3042131.787351149,0.8450366075975414,0.008333333333333333,1,38,0.0,0.0
2,high,P_PABFD_EWA,300,0.75,3060131.7873511515,0.8500366075975421,0.03166666666666667,2,38,300.0,30000.0
2,high,P_PABFD_AR3,300,0.75,3048131.7873511515,0.8467032742642088,0.03166666666666667,2,38,300.0,30000.0
2,high,P_PABFD_Oracle,300,0.75,3048131.787351151,0.8467032742642087,0.03166666666666667,20,38,2550.0,255000.0
3,low,PABFD,300,0.75,2420893.8952591973,0.6724705264608881,0.035,3,32,0.0,0.0
3,low,FFD,300,0.75,2420893.895259197,0.672470526460888,0.043333333333333335,3,32,0.0,0.0
3,low,P_PABFD_EWA,300,0.75,2468893.895259197,0.6858038597942213,0.03,4,32,600.0,60000.0
3,low,P_PABFD_AR3,300,0.75,2438893.895259197,0.677470526460888,0.03,3,32,450.0,45000.0
3,low,P_PABFD_Oracle,300,0.75,2396893.8952591983,0.6658038597942217,0.045,20,32,2550.0,255000.0
3,medium,PABFD,300,0.75,2386263.461482085,0.6628509615228013,0.03,2,32,0.0,0.0
3,medium,FFD,300,0.75,2380263.4614820853,0.6611842948561348,0.03833333333333333,2,32,0.0,0.0
3,medium,P_PABFD_EWA,300,0.75,2404263.461482085,0.6678509615228013,0.03,3,32,450.0,45000.0
3,medium,P_PABFD_AR3,300,0.75,2410263.4614820844,0.6695176281894679,0.03,5,32,600.0,60000.0
3,medium,P_PABFD_Oracle,300,0.75,2368263.4614820853,0.6578509615228014,0.03333333333333333,20,32,2700.0,270000.0
3,high,PABFD,300,0.75,2069818.4177658705,0.5749495604905196,0.005,2,32,0.0,0.0
3,high,FFD,300,0.75,2069818.41776587,0.5749495604905195,0.0033333333333333335,1,32,0.0,0.0
3,high,P_PABFD_EWA,300,0.75,2087818.4177658702,0.5799495604905195,0.005,3,32,450.0,45000.0
3,high,P_PABFD_AR3,300,0.75,2087818.41776587,0.5799495604905195,0.005,4,32,600.0,60000.0
3,high,P_PABFD_Oracle,300,0.75,2045818.4177658702,0.5682828938238529,0.015,17,32,2250.0,225000.0
4,low,PABFD,300,0.75,3185304.594679525,0.8848068318554236,0.018333333333333333,0,38,0.0,0.0
4,low,FFD,300,0.75,3263304.594679524,0.90647349852209,0.018333333333333333,0,38,0.0,0.0
4,low,P_PABFD_EWA,300,0.75,3161304.5946795247,0.8781401651887568,0.018333333333333333,3,38,450.0,45000.0
4,low,P_PABFD_AR3,300,0.75,3161304.5946795247,0.8781401651887568,0.018333333333333333,3,38,450.0,45000.0
4,low,P_PABFD_Oracle,300,0.75,3143304.5946795247,0.8731401651887568,0.018333333333333333,18,38,2400.0,240000.0
4,medium,PABFD,300,0.75,3053713.376330987,0.8482537156474964,0.018333333333333333,0,38,0.0,0.0
4,medium,FFD,300,0.75,3077713.376330989,0.8549203823141636,0.018333333333333333,0,38,0.0,0.0
4,medium,P_PABFD_EWA,300,0.75,3041713.376330987,0.8449203823141631,0.018333333333333333,4,38,600.0,60000.0
4,medium,P_PABFD_AR3,300,0.75,3035713.3763309876,0.8432537156474965,0.018333333333333333,6,38,900.0,90000.0
4,medium,P_PABFD_Oracle,300,0.75,3035713.376330987,0.8432537156474964,0.018333333333333333,18,38,2400.0,240000.0
4,high,PABFD,300,0.75,2722023.1359951515,0.756117537776431,0.016666666666666666,0,38,0.0,0.0
4,high,FFD,300,0.75,2740023.13599515,0.7611175377764305,0.016666666666666666,0,38,0.0,0.0
4,high,P_PABFD_EWA,300,0.75,2668023.1359951515,0.741117537776431,0.03166666666666667,1,38,150.0,15000.0
4,high,P_PABFD_AR3,300,0.75,2668023.1359951515,0.741117537776431,0.03166666666666667,2,38,300.0,30000.0
4,high,P_PABFD_Oracle,300,0.75,2698023.135995151,0.7494508711097642,0.016666666666666666,19,38,2400.0,240000.0
5,low,PABFD,300,0.75,2102855.5238999818,0.5841265344166616,0.035,1,34,0.0,0.0
5,low,FFD,300,0.75,2108855.5238999818,0.5857932010833282,0.035,0,34,0.0,0.0
5,low,P_PABFD_EWA,300,0.75,2108855.5238999818,0.5857932010833282,0.035,4,34,600.0,60000.0
5,low,P_PABFD_AR3,300,0.75,2102855.5238999818,0.5841265344166616,0.035,4,34,600.0,60000.0
5,low,P_PABFD_Oracle,300,0.75,2090855.5238999822,0.5807932010833284,0.03166666666666667,17,34,2100.0,210000.0
5,medium,PABFD,300,0.75,2179692.8096220396,0.605470224895011,0.035,0,34,0.0,0.0
5,medium,FFD,300,0.75,2173692.8096220405,0.6038035582283445,0.018333333333333333,0,34,0.0,0.0
5,medium,P_PABFD_EWA,300,0.75,2179692.80962204,0.6054702248950111,0.035,3,34,450.0,45000.0
5,medium,P_PABFD_AR3,300,0.75,2179692.8096220396,0.605470224895011,0.035,1,34,150.0,15000.0
5,medium,P_PABFD_Oracle,300,0.75,2137692.8096220396,0.5938035582283443,0.04666666666666667,16,34,1800.0,180000.0
5,high,PABFD,300,0.75,2055550.3630614467,0.570986211961513,0.035,1,34,0.0,0.0
5,high,FFD,300,0.75,2073550.3630614479,0.5759862119615133,0.016666666666666666,1,34,0.0,0.0
5,high,P_PABFD_EWA,300,0.75,2067550.3630614467,0.5743195452948463,0.03333333333333333,4,34,600.0,60000.0
5,high,P_PABFD_AR3,300,0.75,2055550.3630614467,0.570986211961513,0.035,3,34,450.0,45000.0
5,high,P_PABFD_Oracle,300,0.75,2055550.3630614467,0.570986211961513,0.035,15,34,1950.0,195000.0
6,low,PABFD,300,0.75,3755644.0772125586,1.0432344658923773,0.07333333333333333,0,39,0.0,0.0
6,low,FFD,300,0.75,3809644.077212558,1.0582344658923772,0.07,1,39,0.0,0.0
6,low,P_PABFD_EWA,300,0.75,3755644.0772125586,1.0432344658923773,0.07333333333333333,4,39,600.0,60000.0
6,low,P_PABFD_AR3,300,0.75,3755644.0772125586,1.0432344658923773,0.07333333333333333,4,39,600.0,60000.0
6,low,P_PABFD_Oracle,300,0.75,3755644.077212559,1.0432344658923776,0.07333333333333333,24,39,3450.0,345000.0
6,medium,PABFD,300,0.75,3622345.3671512334,1.006207046430898,0.04833333333333333,0,39,0.0,0.0
6,medium,FFD,300,0.75,3664345.3671512334,1.0178737130975648,0.04666666666666667,1,39,0.0,0.0
6,medium,P_PABFD_EWA,300,0.75,3622345.3671512334,1.006207046430898,0.04833333333333333,0,39,0.0,0.0
6,medium,P_PABFD_AR3,300,0.75,3622345.3671512334,1.006207046430898,0.04833333333333333,2,39,300.0,30000.0
6,medium,P_PABFD_Oracle,300,0.75,3622345.3671512334,1.006207046430898,0.04833333333333333,23,39,3300.0,330000.0
6,high,PABFD,300,0.75,3023760.8370753117,0.8399335658542533,0.06,0,39,0.0,0.0
6,high,FFD,300,0.75,3047760.8370753117,0.8466002325209199,0.05333333333333334,1,39,0.0,0.0
6,high,P_PABFD_EWA,300,0.75,3017760.8370753117,0.8382668991875866,0.06,4,39,600.0,60000.0
6,high,P_PABFD_AR3,300,0.75,3011760.8370753117,0.8366002325209199,0.06,9,39,1350.0,135000.0
6,high,P_PABFD_Oracle,300,0.75,3005760.8370753117,0.8349335658542533,0.06,27,39,3450.0,345000.0
7,low,PABFD,300,0.75,3013774.9276357507,0.8371597021210418,0.0033333333333333335,0,33,0.0,0.0
7,low,FFD,300,0.75,3013774.9276357507,0.8371597021210418,0.0033333333333333335,0,33,0.0,0.0
7,low,P_PABFD_EWA,300,0.75,3013774.9276357507,0.8371597021210418,0.0033333333333333335,1,33,150.0,15000.0
7,low,P_PABFD_AR3,300,0.75,3013774.9276357507,0.8371597021210418,0.0033333333333333335,1,33,150.0,15000.0
7,low,P_PABFD_Oracle,300,0.75,2971774.927635751,0.8254930354543754,0.008333333333333333,17,33,2550.0,255000.0
7,medium,PABFD,300,0.75,2755378.2684771325,0.765382852354759,0.0033333333333333335,0,33,0.0,0.0
7,medium,FFD,300,0.75,2755378.2684771325,0.765382852354759,0.0033333333333333335,0,33,0.0,0.0
7,medium,P_PABFD_EWA,300,0.75,2755378.2684771325,0.765382852354759,0.0033333333333333335,0,33,0.0,0.0
7,medium,P_PABFD_AR3,300,0.75,2755378.2684771325,0.765382852354759,0.0033333333333333335,1,33,150.0,15000.0
7,medium,P_PABFD_Oracle,300,0.75,2713378.2684771325,0.7537161856880924,0.008333333333333333,18,33,2550.0,255000.0
7,high,PABFD,300,0.75,1931664.972117441,0.5365736033659558,0.005,0,33,0.0,0.0
7,high,FFD,300,0.75,1931664.972117441,0.5365736033659558,0.005,0,33,0.0,0.0
7,high,P_PABFD_EWA,300,0.75,1931664.972117441,0.5365736033659558,0.005,1,33,150.0,15000.0
7,high,P_PABFD_AR3,300,0.75,1931664.972117441,0.5365736033659558,0.005,2,33,300.0,30000.0
7,high,P_PABFD_Oracle,300,0.75,1913664.972117441,0.5315736033659558,0.005,15,33,2100.0,210000.0
8,low,PABFD,300,0.75,2573857.5018467433,0.7149604171796509,0.02,4,36,0.0,0.0
8,low,FFD,300,0.75,2543857.501846743,0.7066270838463174,0.011666666666666667,3,36,0.0,0.0
8,low,P_PABFD_EWA,300,0.75,2549857.501846743,0.7082937505129842,0.0033333333333333335,4,36,300.0,30000.0
8,low,P_PABFD_AR3,300,0.75,2549857.501846743,0.7082937505129842,0.0033333333333333335,5,36,450.0,45000.0
8,low,P_PABFD_Oracle,300,0.75,2543857.5018467424,0.7066270838463173,0.0033333333333333335,22,36,2250.0,225000.0
8,medium,PABFD,300,0.75,2252312.940023928,0.62564248333998,0.005,6,36,0.0,0.0
8,medium,FFD,300,0.75,2246312.940023928,0.6239758166733134,0.0033333333333333335,2,36,0.0,0.0
8,medium,P_PABFD_EWA,300,0.75,2252312.940023928,0.62564248333998,0.005,2,36,0.0,0.0
8,medium,P_PABFD_AR3,300,0.75,2264312.940023929,0.6289758166733136,0.005,2,36,0.0,0.0
8,medium,P_PABFD_Oracle,300,0.75,2252312.940023928,0.62564248333998,0.005,19,36,1350.0,135000.0
8,high,PABFD,300,0.75,1902253.4947467148,0.5284037485407541,0.013333333333333334,1,36,0.0,0.0
8,high,FFD,300,0.75,1908253.4947467148,0.5300704152074208,0.013333333333333334,1,36,0.0,0.0
8,high,P_PABFD_EWA,300,0.75,1902253.4947467148,0.5284037485407541,0.013333333333333334,3,36,450.0,45000.0
8,high,P_PABFD_AR3,300,0.75,1902253.4947467148,0.5284037485407541,0.013333333333333334,0,36,0.0,0.0
8,high,P_PABFD_Oracle,300,0.75,1902253.494746715,0.5284037485407542,0.015,16,36,2250.0,225000.0
9,low,PABFD,300,0.75,2409988.415289815,0.6694412264693931,0.058333333333333334,1,36,0.0,0.0
9,low,FFD,300,0.75,2415988.4152898164,0.6711078931360601,0.043333333333333335,1,36,0.0,0.0
9,low,P_PABFD_EWA,300,0.75,2421988.415289818,0.6727745598027272,0.043333333333333335,2,36,300.0,30000.0
9,low,P_PABFD_AR3,300,0.75,2421988.415289818,0.6727745598027272,0.043333333333333335,5,36,750.0,75000.0
9,low,P_PABFD_Oracle,300,0.75,2409988.415289815,0.6694412264693931,0.058333333333333334,25,36,3000.0,300000.0
9,medium,PABFD,300,0.75,2432082.462609914,0.6755784618360873,0.043333333333333335,1,36,0.0,0.0
9,medium,FFD,300,0.75,2468082.462609913,0.685578461836087,0.035,1,36,0.0,0.0
9,medium,P_PABFD_EWA,300,0.75,2474082.4626099165,0.6872451285027545,0.035,1,36,150.0,15000.0
9,medium,P_PABFD_AR3,300,0.75,2474082.4626099165,0.6872451285027545,0.035,2,36,300.0,30000.0
9,medium,P_PABFD_Oracle,300,0.75,2444082.4626099146,0.6789117951694207,0.045,20,36,2400.0,240000.0
9,high,PABFD,300,0.75,1993374.111075629,0.5537150308543414,0.02,1,36,0.0,0.0
9,high,FFD,300,0.75,1987374.1110756285,0.5520483641876746,0.04833333333333333,2,36,0.0,0.0
9,high,P_PABFD_EWA,300,0.75,2041374.111075629,0.5670483641876747,0.023333333333333334,2,36,300.0,30000.0
9,high,P_PABFD_AR3,300,0.75,2011374.1110756285,0.5587150308543413,0.02666666666666667,5,36,750.0,75000.0
9,high,P_PABFD_Oracle,300,0.75,1993374.111075629,0.5537150308543414,0.02,20,36,2400.0,240000.0
0,low,P_PABFD_EWA,150,0.5,2624884.2771471217,0.729134521429756,0.058333333333333334,4,31,600.0,60000.0
0,low,P_PABFD_AR3,150,0.5,2624884.2771471217,0.729134521429756,0.058333333333333334,3,31,450.0,45000.0
0,low,P_PABFD_EWA,150,0.75,2642884.2771471217,0.734134521429756,0.058333333333333334,1,31,150.0,15000.0
0,low,P_PABFD_AR3,150,0.75,2624884.2771471217,0.729134521429756,0.058333333333333334,4,31,450.0,45000.0
0,low,P_PABFD_EWA,150,0.9,2642884.2771471217,0.734134521429756,0.058333333333333334,2,31,300.0,30000.0
0,low,P_PABFD_AR3,150,0.9,2642884.2771471217,0.734134521429756,0.058333333333333334,3,31,300.0,30000.0
0,low,P_PABFD_EWA,300,0.5,2624884.2771471217,0.729134521429756,0.058333333333333334,4,31,600.0,60000.0
0,low,P_PABFD_AR3,300,0.5,2624884.2771471217,0.729134521429756,0.058333333333333334,3,31,450.0,45000.0
0,low,P_PABFD_EWA,300,0.75,2642884.2771471217,0.734134521429756,0.058333333333333334,1,31,150.0,15000.0
0,low,P_PABFD_AR3,300,0.75,2624884.2771471217,0.729134521429756,0.058333333333333334,4,31,450.0,45000.0
0,low,P_PABFD_EWA,300,0.9,2642884.2771471217,0.734134521429756,0.058333333333333334,2,31,300.0,30000.0
0,low,P_PABFD_AR3,300,0.9,2642884.2771471217,0.734134521429756,0.058333333333333334,3,31,300.0,30000.0
0,low,P_PABFD_EWA,600,0.5,2624884.2771471217,0.729134521429756,0.058333333333333334,4,31,600.0,60000.0
0,low,P_PABFD_AR3,600,0.5,2624884.2771471217,0.729134521429756,0.058333333333333334,3,31,450.0,45000.0
0,low,P_PABFD_EWA,600,0.75,2642884.2771471217,0.734134521429756,0.058333333333333334,1,31,150.0,15000.0
0,low,P_PABFD_AR3,600,0.75,2624884.2771471217,0.729134521429756,0.058333333333333334,4,31,450.0,45000.0
0,low,P_PABFD_EWA,600,0.9,2642884.2771471217,0.734134521429756,0.058333333333333334,2,31,300.0,30000.0
0,low,P_PABFD_AR3,600,0.9,2642884.2771471217,0.734134521429756,0.058333333333333334,3,31,300.0,30000.0
0,medium,P_PABFD_EWA,150,0.5,2669039.1381693617,0.7413997606026005,0.056666666666666664,1,31,150.0,15000.0
0,medium,P_PABFD_AR3,150,0.5,2669039.1381693617,0.7413997606026005,0.056666666666666664,1,31,150.0,15000.0
0,medium,P_PABFD_EWA,150,0.75,2669039.1381693617,0.7413997606026005,0.056666666666666664,2,31,300.0,30000.0
0,medium,P_PABFD_AR3,150,0.75,2669039.1381693617,0.7413997606026005,0.056666666666666664,4,31,450.0,45000.0
0,medium,P_PABFD_EWA,150,0.9,2669039.1381693617,0.7413997606026005,0.056666666666666664,3,31,450.0,45000.0
0,medium,P_PABFD_AR3,150,0.9,2669039.1381693617,0.7413997606026005,0.056666666666666664,4,31,450.0,45000.0
0,medium,P_PABFD_EWA,300,0.5,2669039.1381693617,0.7413997606026005,0.056666666666666664,1,31,150.0,15000.0
0,medium,P_PABFD_AR3,300,0.5,2669039.1381693617,0.7413997606026005,0.056666666666666664,1,31,150.0,15000.0
0,medium,P_PABFD_EWA,300,0.75,2669039.1381693617,0.7413997606026005,0.056666666666666664,2,31,300.0,30000.0
0,medium,P_PABFD_AR3,300,0.75,2669039.1381693617,0.7413997606026005,0.056666666666666664,4,31,450.0,45000.0
0,medium,P_PABFD_EWA,300,0.9,2669039.1381693617,0.7413997606026005,0.056666666666666664,3,31,450.0,45000.0
0,medium,P_PABFD_AR3,300,0.9,2669039.1381693617,0.7413997606026005,0.056666666666666664,4,31,450.0,45000.0
0,medium,P_PABFD_EWA,600,0.5,2669039.1381693617,0.7413997606026005,0.056666666666666664,1,31,150.0,15000.0
0,medium,P_PABFD_AR3,600,0.5,2669039.1381693617,0.7413997606026005,0.056666666666666664,1,31,150.0,15000.0
0,medium,P_PABFD_EWA,600,0.75,2669039.1381693617,0.7413997606026005,0.056666666666666664,2,31,300.0,30000.0
0,medium,P_PABFD_AR3,600,0.75,2669039.1381693617,0.7413997606026005,0.056666666666666664,4,31,450.0,45000.0
0,medium,P_PABFD_EWA,600,0.9,2669039.1381693617,0.7413997606026005,0.056666666666666664,3,31,450.0,45000.0
0,medium,P_PABFD_AR3,600,0.9,2669039.1381693617,0.7413997606026005,0.056666666666666664,4,31,450.0,45000.0
0,high,P_PABFD_EWA,150,0.5,2276244.5274327467,0.6322901465090963,0.03333333333333333,3,31,450.0,45000.0
0,high,P_PABFD_AR3,150,0.5,2276244.5274327467,0.6322901465090963,0.03333333333333333,2,31,300.0,30000.0
0,high,P_PABFD_EWA,150,0.75,2276244.5274327463,0.6322901465090962,0.03333333333333333,4,31,600.0,60000.0
0,high,P_PABFD_AR3,150,0.75,2276244.5274327463,0.6322901465090962,0.03333333333333333,3,31,450.0,45000.0
0,high,P_PABFD_EWA,150,0.9,2276244.5274327463,0.6322901465090962,0.03333333333333333,5,31,750.0,75000.0
0,high,P_PABFD_AR3,150,0.9,2276244.5274327463,0.6322901465090962,0.03333333333333333,5,31,600.0,60000.0
0,high,P_PABFD_EWA,300,0.5,2276244.5274327467,0.6322901465090963,0.03333333333333333,3,31,450.0,45000.0
0,high,P_PABFD_AR3,300,0.5,2276244.5274327467,0.6322901465090963,0.03333333333333333,2,31,300.0,30000.0
0,high,P_PABFD_EWA,300,0.75,2276244.5274327463,0.6322901465090962,0.03333333333333333,4,31,600.0,60000.0
0,high,P_PABFD_AR3,300,0.75,2276244.5274327463,0.6322901465090962,0.03333333333333333,3,31,450.0,45000.0
0,high,P_PABFD_EWA,300,0.9,2276244.5274327463,0.6322901465090962,0.03333333333333333,5,31,750.0,75000.0
0,high,P_PABFD_AR3,300,0.9,2276244.5274327463,0.6322901465090962,0.03333333333333333,5,31,600.0,60000.0
0,high,P_PABFD_EWA,600,0.5,2276244.5274327467,0.6322901465090963,0.03333333333333333,3,31,450.0,45000.0
0,high,P_PABFD_AR3,600,0.5,2276244.5274327467,0.6322901465090963,0.03333333333333333,2,31,300.0,30000.0
0,high,P_PABFD_EWA,600,0.75,2276244.5274327463,0.6322901465090962,0.03333333333333333,4,31,600.0,60000.0
0,high,P_PABFD_AR3,600,0.75,2276244.5274327463,0.6322901465090962,0.03333333333333333,3,31,450.0,45000.0
0,high,P_PABFD_EWA,600,0.9,2276244.5274327463,0.6322901465090962,0.03333333333333333,5,31,750.0,75000.0
0,high,P_PABFD_AR3,600,0.9,2276244.5274327463,0.6322901465090962,0.03333333333333333,5,31,600.0,60000.0
1,low,P_PABFD_EWA,150,0.5,3341835.8546388405,0.928287737399678,0.035,2,37,300.0,30000.0
1,low,P_PABFD_AR3,150,0.5,3341835.8546388405,0.928287737399678,0.035,2,37,300.0,30000.0
1,low,P_PABFD_EWA,150,0.75,3341835.854638841,0.9282877373996781,0.035,3,37,450.0,45000.0
1,low,P_PABFD_AR3,150,0.75,3341835.8546388405,0.928287737399678,0.035,4,37,600.0,60000.0
1,low,P_PABFD_EWA,150,0.9,3341835.854638841,0.9282877373996781,0.035,3,37,450.0,45000.0
1,low,P_PABFD_AR3,150,0.9,3341835.8546388405,0.928287737399678,0.035,5,37,750.0,75000.0
1,low,P_PABFD_EWA,300,0.5,3341835.8546388405,0.928287737399678,0.035,2,37,300.0,30000.0
1,low,P_PABFD_AR3,300,0.5,3341835.8546388405,0.928287737399678,0.035,2,37,300.0,30000.0
1,low,P_PABFD_EWA,300,0.75,3341835.854638841,0.9282877373996781,0.035,3,37,450.0,45000.0
1,low,P_PABFD_AR3,300,0.75,3341835.8546388405,0.928287737399678,0.035,4,37,600.0,60000.0
1,low,P_PABFD_EWA,300,0.9,3341835.854638841,0.9282877373996781,0.035,3,37,450.0,45000.0
1,low,P_PABFD_AR3,300,0.9,3341835.8546388405,0.928287737399678,0.035,5,37,750.0,75000.0
1,low,P_PABFD_EWA,600,0.5,3341835.8546388405,0.928287737399678,0.035,2,37,300.0,30000.0
1,low,P_PABFD_AR3,600,0.5,3341835.8546388405,0.928287737399678,0.035,2,37,300.0,30000.0
1,low,P_PABFD_EWA,600,0.75,3341835.854638841,0.9282877373996781,0.035,3,37,450.0,45000.0
1,low,P_PABFD_AR3,600,0.75,3341835.8546388405,0.928287737399678,0.035,4,37,600.0,60000.0
1,low,P_PABFD_EWA,600,0.9,3341835.854638841,0.9282877373996781,0.035,3,37,450.0,45000.0
1,low,P_PABFD_AR3,600,0.9,3341835.8546388405,0.928287737399678,0.035,5,37,750.0,75000.0
1,medium,P_PABFD_EWA,150,0.5,3297787.2341623083,0.91605200948953,0.03333333333333333,1,37,150.0,15000.0
1,medium,P_PABFD_AR3,150,0.5,3297787.2341623083,0.91605200948953,0.03333333333333333,0,37,0.0,0.0
1,medium,P_PABFD_EWA,150,0.75,3297787.2341623083,0.91605200948953,0.03333333333333333,3,37,450.0,45000.0
1,medium,P_PABFD_AR3,150,0.75,3297787.2341623083,0.91605200948953,0.03333333333333333,2,37,300.0,30000.0
1,medium,P_PABFD_EWA,150,0.9,3297787.2341623083,0.91605200948953,0.03333333333333333,5,37,750.0,75000.0
1,medium,P_PABFD_AR3,150,0.9,3297787.2341623083,0.91605200948953,0.03333333333333333,3,37,450.0,45000.0
1,medium,P_PABFD_EWA,300,0.5,3297787.2341623083,0.91605200948953,0.03333333333333333,1,37,150.0,15000.0
1,medium,P_PABFD_AR3,300,0.5,3297787.2341623083,0.91605200948953,0.03333333333333333,0,37,0.0,0.0
1,medium,P_PABFD_EWA,300,0.75,3297787.2341623083,0.91605200948953,0.03333333333333333,3,37,450.0,45000.0
1,medium,P_PABFD_AR3,300,0.75,3297787.2341623083,0.91605200948953,0.03333333333333333,2,37,300.0,30000.0
1,medium,P_PABFD_EWA,300,0.9,3297787.2341623083,0.91605200948953,0.03333333333333333,5,37,750.0,75000.0
1,medium,P_PABFD_AR3,300,0.9,3297787.2341623083,0.91605200948953,0.03333333333333333,3,37,450.0,45000.0
1,medium,P_PABFD_EWA,600,0.5,3297787.2341623083,0.91605200948953,0.03333333333333333,1,37,150.0,15000.0
1,medium,P_PABFD_AR3,600,0.5,3297787.2341623083,0.91605200948953,0.03333333333333333,0,37,0.0,0.0
1,medium,P_PABFD_EWA,600,0.75,3297787.2341623083,0.91605200948953,0.03333333333333333,3,37,450.0,45000.0
1,medium,P_PABFD_AR3,600,0.75,3297787.2341623083,0.91605200948953,0.03333333333333333,2,37,300.0,30000.0
1,medium,P_PABFD_EWA,600,0.9,3297787.2341623083,0.91605200948953,0.03333333333333333,5,37,750.0,75000.0
1,medium,P_PABFD_AR3,600,0.9,3297787.2341623083,0.91605200948953,0.03333333333333333,3,37,450.0,45000.0
1,high,P_PABFD_EWA,150,0.5,2866172.0676554316,0.7961589076820643,0.02666666666666667,4,37,600.0,60000.0
1,high,P_PABFD_AR3,150,0.5,2866172.067655431,0.7961589076820642,0.02666666666666667,6,37,900.0,90000.0
1,high,P_PABFD_EWA,150,0.75,2854172.0676554325,0.7928255743487312,0.03333333333333333,5,37,750.0,75000.0
1,high,P_PABFD_AR3,150,0.75,2854172.0676554325,0.7928255743487312,0.03333333333333333,7,37,1050.0,105000.0
1,high,P_PABFD_EWA,150,0.9,2866172.0676554316,0.7961589076820643,0.02666666666666667,6,37,900.0,90000.0
1,high,P_PABFD_AR3,150,0.9,2866172.0676554316,0.7961589076820643,0.02666666666666667,5,37,750.0,75000.0
1,high,P_PABFD_EWA,300,0.5,2866172.0676554316,0.7961589076820643,0.02666666666666667,4,37,600.0,60000.0
1,high,P_PABFD_AR3,300,0.5,2866172.067655431,0.7961589076820642,0.02666666666666667,6,37,900.0,90000.0
1,high,P_PABFD_EWA,300,0.75,2854172.0676554325,0.7928255743487312,0.03333333333333333,5,37,750.0,75000.0
1,high,P_PABFD_AR3,300,0.75,2854172.0676554325,0.7928255743487312,0.03333333333333333,7,37,1050.0,105000.0
1,high,P_PABFD_EWA,300,0.9,2866172.0676554316,0.7961589076820643,0.02666666666666667,6,37,900.0,90000.0
1,high,P_PABFD_AR3,300,0.9,2866172.0676554316,0.7961589076820643,0.02666666666666667,5,37,750.0,75000.0
1,high,P_PABFD_EWA,600,0.5,2866172.0676554316,0.7961589076820643,0.02666666666666667,4,37,600.0,60000.0
1,high,P_PABFD_AR3,600,0.5,2866172.067655431,0.7961589076820642,0.02666666666666667,6,37,900.0,90000.0
1,high,P_PABFD_EWA,600,0.75,2854172.0676554325,0.7928255743487312,0.03333333333333333,5,37,750.0,75000.0
1,high,P_PABFD_AR3,600,0.75,2854172.0676554325,0.7928255743487312,0.03333333333333333,7,37,1050.0,105000.0
1,high,P_PABFD_EWA,600,0.9,2866172.0676554316,0.7961589076820643,0.02666666666666667,6,37,900.0,90000.0
1,high,P_PABFD_AR3,600,0.9,2866172.0676554316,0.7961589076820643,0.02666666666666667,5,37,750.0,75000.0
2,low,P_PABFD_EWA,150,0.5,3632667.9406721983,1.0090744279644994,0.03833333333333333,4,38,600.0,60000.0
2,low,P_PABFD_AR3,150,0.5,3632667.9406721983,1.0090744279644994,0.03833333333333333,4,38,600.0,60000.0
2,low,P_PABFD_EWA,150,0.75,3644667.9406721983,1.0124077612978328,0.045,1,38,150.0,15000.0
2,low,P_PABFD_AR3,150,0.75,3632667.9406721983,1.0090744279644994,0.03833333333333333,1,38,150.0,15000.0
2,low,P_PABFD_EWA,150,0.9,3644667.9406721983,1.0124077612978328,0.045,0,38,0.0,0.0
2,low,P_PABFD_AR3,150,0.9,3632667.9406721983,1.0090744279644994,0.03833333333333333,1,38,150.0,15000.0
2,low,P_PABFD_EWA,300,0.5,3632667.9406721983,1.0090744279644994,0.03833333333333333,4,38,600.0,60000.0
2,low,P_PABFD_AR3,300,0.5,3632667.9406721983,1.0090744279644994,0.03833333333333333,4,38,600.0,60000.0
2,low,P_PABFD_EWA,300,0.75,3644667.9406721983,1.0124077612978328,0.045,1,38,150.0,15000.0
2,low,P_PABFD_AR3,300,0.75,3632667.9406721983,1.0090744279644994,0.03833333333333333,1,38,150.0,15000.0
2,low,P_PABFD_EWA,300,0.9,3644667.9406721983,1.0124077612978328,0.045,0,38,0.0,0.0
2,low,P_PABFD_AR3,300,0.9,3632667.9406721983,1.0090744279644994,0.03833333333333333,1,38,150.0,15000.0
2,low,P_PABFD_EWA,600,0.5,3632667.9406721983,1.0090744279644994,0.03833333333333333,4,38,600.0,60000.0
2,low,P_PABFD_AR3,600,0.5,3632667.9406721983,1.0090744279644994,0.03833333333333333,4,38,600.0,60000.0
2,low,P_PABFD_EWA,600,0.75,3644667.9406721983,1.0124077612978328,0.045,1,38,150.0,15000.0
2,low,P_PABFD_AR3,600,0.75,3632667.9406721983,1.0090744279644994,0.03833333333333333,1,38,150.0,15000.0
2,low,P_PABFD_EWA,600,0.9,3644667.9406721983,1.0124077612978328,0.045,0,38,0.0,0.0
2,low,P_PABFD_AR3,600,0.9,3632667.9406721983,1.0090744279644994,0.03833333333333333,1,38,150.0,15000.0
2,medium,P_PABFD_EWA,150,0.5,3425626.1706415853,0.9515628251782181,0.03,3,38,450.0,45000.0
2,medium,P_PABFD_AR3,150,0.5,3425626.1706415853,0.9515628251782181,0.03,3,38,450.0,45000.0
2,medium,P_PABFD_EWA,150,0.75,3425626.1706415853,0.9515628251782181,0.03166666666666667,3,38,450.0,45000.0
2,medium,P_PABFD_AR3,150,0.75,3425626.1706415853,0.9515628251782181,0.03166666666666667,2,38,300.0,30000.0
2,medium,P_PABFD_EWA,150,0.9,3425626.1706415853,0.9515628251782181,0.03,3,38,450.0,45000.0
2,medium,P_PABFD_AR3,150,0.9,3425626.1706415853,0.9515628251782181,0.03,2,38,300.0,30000.0
2,medium,P_PABFD_EWA,300,0.5,3425626.1706415853,0.9515628251782181,0.03,3,38,450.0,45000.0
2,medium,P_PABFD_AR3,300,0.5,3425626.1706415853,0.9515628251782181,0.03,3,38,450.0,45000.0
2,medium,P_PABFD_EWA,300,0.75,3425626.1706415853,0.9515628251782181,0.03166666666666667,3,38,450.0,45000.0
2,medium,P_PABFD_AR3,300,0.75,3425626.1706415853,0.9515628251782181,0.03166666666666667,2,38,300.0,30000.0
2,medium,P_PABFD_EWA,300,0.9,3425626.1706415853,0.9515628251782181,0.03,3,38,450.0,45000.0
2,medium,P_PABFD_AR3,300,0.9,3425626.1706415853,0.9515628251782181,0.03,2,38,300.0,30000.0
2,medium,P_PABFD_EWA,600,0.5,3425626.1706415853,0.9515628251782181,0.03,3,38,450.0,45000.0
2,medium,P_PABFD_AR3,600,0.5,3425626.1706415853,0.9515628251782181,0.03,3,38,450.0,45000.0
2,medium,P_PABFD_EWA,600,0.75,3425626.1706415853,0.9515628251782181,0.03166666666666667,3,38,450.0,45000.0
2,medium,P_PABFD_AR3,600,0.75,3425626.1706415853,0.9515628251782181,0.03166666666666667,2,38,300.0,30000.0
2,medium,P_PABFD_EWA,600,0.9,3425626.1706415853,0.9515628251782181,0.03,3,38,450.0,45000.0
2,medium,P_PABFD_AR3,600,0.9,3425626.1706415853,0.9515628251782181,0.03,2,38,300.0,30000.0
2,high,P_PABFD_EWA,150,0.5,3048131.7873511515,0.8467032742642088,0.03166666666666667,2,38,300.0,30000.0
2,high,P_PABFD_AR3,150,0.5,3048131.7873511515,0.8467032742642088,0.03166666666666667,1,38,150.0,15000.0
2,high,P_PABFD_EWA,150,0.75,3060131.7873511515,0.8500366075975421,0.03166666666666667,2,38,300.0,30000.0
2,high,P_PABFD_AR3,150,0.75,3048131.7873511515,0.8467032742642088,0.03166666666666667,2,38,300.0,30000.0
2,high,P_PABFD_EWA,150,0.9,3048131.7873511515,0.8467032742642088,0.03166666666666667,2,38,300.0,30000.0
2,high,P_PABFD_AR3,150,0.9,3048131.7873511515,0.8467032742642088,0.03166666666666667,3,38,450.0,45000.0
2,high,P_PABFD_EWA,300,0.5,3048131.7873511515,0.8467032742642088,0.03166666666666667,2,38,300.0,30000.0
2,high,P_PABFD_AR3,300,0.5,3048131.7873511515,0.8467032742642088,0.03166666666666667,1,38,150.0,15000.0
2,high,P_PABFD_EWA,300,0.75,3060131.7873511515,0.8500366075975421,0.03166666666666667,2,38,300.0,30000.0
2,high,P_PABFD_AR3,300,0.75,3048131.7873511515,0.8467032742642088,0.03166666666666667,2,38,300.0,30000.0
2,high,P_PABFD_EWA,300,0.9,3048131.7873511515,0.8467032742642088,0.03166666666666667,2,38,300.0,30000.0
2,high,P_PABFD_AR3,300,0.9,3048131.7873511515,0.8467032742642088,0.03166666666666667,3,38,450.0,45000.0
2,high,P_PABFD_EWA,600,0.5,3048131.7873511515,0.8467032742642088,0.03166666666666667,2,38,300.0,30000.0
2,high,P_PABFD_AR3,600,0.5,3048131.7873511515,0.8467032742642088,0.03166666666666667,1,38,150.0,15000.0
2,high,P_PABFD_EWA,600,0.75,3060131.7873511515,0.8500366075975421,0.03166666666666667,2,38,300.0,30000.0
2,high,P_PABFD_AR3,600,0.75,3048131.7873511515,0.8467032742642088,0.03166666666666667,2,38,300.0,30000.0
2,high,P_PABFD_EWA,600,0.9,3048131.7873511515,0.8467032742642088,0.03166666666666667,2,38,300.0,30000.0
2,high,P_PABFD_AR3,600,0.9,3048131.7873511515,0.8467032742642088,0.03166666666666667,3,38,450.0,45000.0
3,low,P_PABFD_EWA,150,0.5,2432893.8952591973,0.6758038597942215,0.03,3,32,450.0,45000.0
3,low,P_PABFD_AR3,150,0.5,2438893.895259197,0.677470526460888,0.03,4,32,450.0,45000.0
3,low,P_PABFD_EWA,150,0.75,2468893.895259197,0.6858038597942213,0.03,4,32,600.0,60000.0
3,low,P_PABFD_AR3,150,0.75,2438893.895259197,0.677470526460888,0.03,3,32,450.0,45000.0
3,low,P_PABFD_EWA,150,0.9,2468893.895259197,0.6858038597942213,0.03,4,32,600.0,60000.0
3,low,P_PABFD_AR3,150,0.9,2438893.895259197,0.677470526460888,0.03,3,32,450.0,45000.0
3,low,P_PABFD_EWA,300,0.5,2432893.8952591973,0.6758038597942215,0.03,3,32,450.0,45000.0
3,low,P_PABFD_AR3,300,0.5,2438893.895259197,0.677470526460888,0.03,4,32,450.0,45000.0
3,low,P_PABFD_EWA,300,0.75,2468893.895259197,0.6858038597942213,0.03,4,32,600.0,60000.0
3,low,P_PABFD_AR3,300,0.75,2438893.895259197,0.677470526460888,0.03,3,32,450.0,45000.0
3,low,P_PABFD_EWA,300,0.9,2468893.895259197,0.6858038597942213,0.03,4,32,600.0,60000.0
3,low,P_PABFD_AR3,300,0.9,2438893.895259197,0.677470526460888,0.03,3,32,450.0,45000.0
3,low,P_PABFD_EWA,600,0.5,2432893.8952591973,0.6758038597942215,0.03,3,32,450.0,45000.0
3,low,P_PABFD_AR3,600,0.5,2438893.895259197,0.677470526460888,0.03,4,32,450.0,45000.0
3,low,P_PABFD_EWA,600,0.75,2468893.895259197,0.6858038597942213,0.03,4,32,600.0,60000.0
3,low,P_PABFD_AR3,600,0.75,2438893.895259197,0.677470526460888,0.03,3,32,450.0,45000.0
3,low,P_PABFD_EWA,600,0.9,2468893.895259197,0.6858038597942213,0.03,4,32,600.0,60000.0
3,low,P_PABFD_AR3,600,0.9,2438893.895259197,0.677470526460888,0.03,3,32,450.0,45000.0
3,medium,P_PABFD_EWA,150,0.5,2392263.461482085,0.664517628189468,0.03,3,32,450.0,45000.0
3,medium,P_PABFD_AR3,150,0.5,2392263.461482085,0.664517628189468,0.03,3,32,450.0,45000.0
3,medium,P_PABFD_EWA,150,0.75,2404263.461482085,0.6678509615228013,0.03,3,32,450.0,45000.0
3,medium,P_PABFD_AR3,150,0.75,2410263.4614820844,0.6695176281894679,0.03,5,32,600.0,60000.0
3,medium,P_PABFD_EWA,150,0.9,2404263.461482085,0.6678509615228013,0.03,3,32,450.0,45000.0
3,medium,P_PABFD_AR3,150,0.9,2410263.4614820844,0.6695176281894679,0.03,5,32,600.0,60000.0
3,medium,P_PABFD_EWA,300,0.5,2392263.461482085,0.664517628189468,0.03,3,32,450.0,45000.0
3,medium,P_PABFD_AR3,300,0.5,2392263.461482085,0.664517628189468,0.03,3,32,450.0,45000.0
3,medium,P_PABFD_EWA,300,0.75,2404263.461482085,0.6678509615228013,0.03,3,32,450.0,45000.0
3,medium,P_PABFD_AR3,300,0.75,2410263.4614820844,0.6695176281894679,0.03,5,32,600.0,60000.0
3,medium,P_PABFD_EWA,300,0.9,2404263.461482085,0.6678509615228013,0.03,3,32,450.0,45000.0
3,medium,P_PABFD_AR3,300,0.9,2410263.4614820844,0.6695176281894679,0.03,5,32,600.0,60000.0
3,medium,P_PABFD_EWA,600,0.5,2392263.461482085,0.664517628189468,0.03,3,32,450.0,45000.0
3,medium,P_PABFD_AR3,600,0.5,2392263.461482085,0.664517628189468,0.03,3,32,450.0,45000.0
3,medium,P_PABFD_EWA,600,0.75,2404263.461482085,0.6678509615228013,0.03,3,32,450.0,45000.0
3,medium,P_PABFD_AR3,600,0.75,2410263.4614820844,0.6695176281894679,0.03,5,32,600.0,60000.0
3,medium,P_PABFD_EWA,600,0.9,2404263.461482085,0.6678509615228013,0.03,3,32,450.0,45000.0
3,medium,P_PABFD_AR3,600,0.9,2410263.4614820844,0.6695176281894679,0.03,5,32,600.0,60000.0
3,high,P_PABFD_EWA,150,0.5,2087818.4177658702,0.5799495604905195,0.005,3,32,450.0,45000.0
3,high,P_PABFD_AR3,150,0.5,2087818.41776587,0.5799495604905195,0.005,4,32,600.0,60000.0
3,high,P_PABFD_EWA,150,0.75,2087818.4177658702,0.5799495604905195,0.005,3,32,450.0,45000.0
3,high,P_PABFD_AR3,150,0.75,2087818.41776587,0.5799495604905195,0.005,4,32,600.0,60000.0
3,high,P_PABFD_EWA,150,0.9,2087818.4177658702,0.5799495604905195,0.005,3,32,450.0,45000.0
3,high,P_PABFD_AR3,150,0.9,2087818.41776587,0.5799495604905195,0.005,4,32,600.0,60000.0
3,high,P_PABFD_EWA,300,0.5,2087818.4177658702,0.5799495604905195,0.005,3,32,450.0,45000.0
3,high,P_PABFD_AR3,300,0.5,2087818.41776587,0.5799495604905195,0.005,4,32,600.0,60000.0
3,high,P_PABFD_EWA,300,0.75,2087818.4177658702,0.5799495604905195,0.005,3,32,450.0,45000.0
3,high,P_PABFD_AR3,300,0.75,2087818.41776587,0.5799495604905195,0.005,4,32,600.0,60000.0
3,high,P_PABFD_EWA,300,0.9,2087818.4177658702,0.5799495604905195,0.005,3,32,450.0,45000.0
3,high,P_PABFD_AR3,300,0.9,2087818.41776587,0.5799495604905195,0.005,4,32,600.0,60000.0
3,high,P_PABFD_EWA,600,0.5,2087818.4177658702,0.5799495604905195,0.005,3,32,450.0,45000.0
3,high,P_PABFD_AR3,600,0.5,2087818.41776587,0.5799495604905195,0.005,4,32,600.0,60000.0
3,high,P_PABFD_EWA,600,0.75,2087818.4177658702,0.5799495604905195,0.005,3,32,450.0,45000.0
3,high,P_PABFD_AR3,600,0.75,2087818.41776587,0.5799495604905195,0.005,4,32,600.0,60000.0
3,high,P_PABFD_EWA,600,0.9,2087818.4177658702,0.5799495604905195,0.005,3,32,450.0,45000.0
3,high,P_PABFD_AR3,600,0.9,2087818.41776587,0.5799495604905195,0.005,4,32,600.0,60000.0
4,low,P_PABFD_EWA,150,0.5,3185304.594679524,0.8848068318554234,0.018333333333333333,2,38,300.0,30000.0
4,low,P_PABFD_AR3,150,0.5,3185304.594679524,0.8848068318554234,0.018333333333333333,3,38,450.0,45000.0
4,low,P_PABFD_EWA,150,0.75,3161304.5946795247,0.8781401651887568,0.018333333333333333,3,38,450.0,45000.0
4,low,P_PABFD_AR3,150,0.75,3161304.5946795247,0.8781401651887568,0.018333333333333333,3,38,450.0,45000.0
4,low,P_PABFD_EWA,150,0.9,3185304.594679524,0.8848068318554234,0.018333333333333333,2,38,300.0,30000.0
4,low,P_PABFD_AR3,150,0.9,3185304.594679525,0.8848068318554236,0.018333333333333333,1,38,150.0,15000.0
4,low,P_PABFD_EWA,300,0.5,3185304.594679524,0.8848068318554234,0.018333333333333333,2,38,300.0,30000.0
4,low,P_PABFD_AR3,300,0.5,3185304.594679524,0.8848068318554234,0.018333333333333333,3,38,450.0,45000.0
4,low,P_PABFD_EWA,300,0.75,3161304.5946795247,0.8781401651887568,0.018333333333333333,3,38,450.0,45000.0
4,low,P_PABFD_AR3,300,0.75,3161304.5946795247,0.8781401651887568,0.018333333333333333,3,38,450.0,45000.0
4,low,P_PABFD_EWA,300,0.9,3185304.594679524,0.8848068318554234,0.018333333333333333,2,38,300.0,30000.0
4,low,P_PABFD_AR3,300,0.9,3185304.594679525,0.8848068318554236,0.018333333333333333,1,38,150.0,15000.0
4,low,P_PABFD_EWA,600,0.5,3185304.594679524,0.8848068318554234,0.018333333333333333,2,38,300.0,30000.0
4,low,P_PABFD_AR3,600,0.5,3185304.594679524,0.8848068318554234,0.018333333333333333,3,38,450.0,45000.0
4,low,P_PABFD_EWA,600,0.75,3161304.5946795247,0.8781401651887568,0.018333333333333333,3,38,450.0,45000.0
4,low,P_PABFD_AR3,600,0.75,3161304.5946795247,0.8781401651887568,0.018333333333333333,3,38,450.0,45000.0
4,low,P_PABFD_EWA,600,0.9,3185304.594679524,0.8848068318554234,0.018333333333333333,2,38,300.0,30000.0
4,low,P_PABFD_AR3,600,0.9,3185304.594679525,0.8848068318554236,0.018333333333333333,1,38,150.0,15000.0
4,medium,P_PABFD_EWA,150,0.5,3047713.376330987,0.8465870489808297,0.018333333333333333,3,38,450.0,45000.0
4,medium,P_PABFD_AR3,150,0.5,3047713.376330987,0.8465870489808297,0.018333333333333333,4,38,600.0,60000.0
4,medium,P_PABFD_EWA,150,0.75,3041713.376330987,0.8449203823141631,0.018333333333333333,4,38,600.0,60000.0
4,medium,P_PABFD_AR3,150,0.75,3035713.3763309876,0.8432537156474965,0.018333333333333333,6,38,900.0,90000.0
4,medium,P_PABFD_EWA,150,0.9,3041713.376330987,0.8449203823141631,0.018333333333333333,4,38,600.0,60000.0
4,medium,P_PABFD_AR3,150,0.9,3041713.376330987,0.8449203823141631,0.018333333333333333,3,38,450.0,45000.0
4,medium,P_PABFD_EWA,300,0.5,3047713.376330987,0.8465870489808297,0.018333333333333333,3,38,450.0,45000.0
4,medium,P_PABFD_AR3,300,0.5,3047713.376330987,0.8465870489808297,0.018333333333333333,4,38,600.0,60000.0
4,medium,P_PABFD_EWA,300,0.75,3041713.376330987,0.8449203823141631,0.018333333333333333,4,38,600.0,60000.0
4,medium,P_PABFD_AR3,300,0.75,3035713.3763309876,0.8432537156474965,0.018333333333333333,6,38,900.0,90000.0
4,medium,P_PABFD_EWA,300,0.9,3041713.376330987,0.8449203823141631,0.018333333333333333,4,38,600.0,60000.0
4,medium,P_PABFD_AR3,300,0.9,3041713.376330987,0.8449203823141631,0.018333333333333333,3,38,450.0,45000.0
4,medium,P_PABFD_EWA,600,0.5,3047713.376330987,0.8465870489808297,0.018333333333333333,3,38,450.0,45000.0
4,medium,P_PABFD_AR3,600,0.5,3047713.376330987,0.8465870489808297,0.018333333333333333,4,38,600.0,60000.0
4,medium,P_PABFD_EWA,600,0.75,3041713.376330987,0.8449203823141631,0.018333333333333333,4,38,600.0,60000.0
4,medium,P_PABFD_AR3,600,0.75,3035713.3763309876,0.8432537156474965,0.018333333333333333,6,38,900.0,90000.0
4,medium,P_PABFD_EWA,600,0.9,3041713.376330987,0.8449203823141631,0.018333333333333333,4,38,600.0,60000.0
4,medium,P_PABFD_AR3,600,0.9,3041713.376330987,0.8449203823141631,0.018333333333333333,3,38,450.0,45000.0
4,high,P_PABFD_EWA,150,0.5,2662023.135995151,0.7394508711097642,0.03166666666666667,3,38,450.0,45000.0
4,high,P_PABFD_AR3,150,0.5,2662023.135995151,0.7394508711097642,0.03166666666666667,3,38,450.0,45000.0
4,high,P_PABFD_EWA,150,0.75,2668023.1359951515,0.741117537776431,0.03166666666666667,1,38,150.0,15000.0
4,high,P_PABFD_AR3,150,0.75,2668023.1359951515,0.741117537776431,0.03166666666666667,2,38,300.0,30000.0
4,high,P_PABFD_EWA,150,0.9,2722023.135995151,0.7561175377764309,0.016666666666666666,2,38,300.0,30000.0
4,high,P_PABFD_AR3,150,0.9,2722023.135995151,0.7561175377764309,0.016666666666666666,2,38,300.0,30000.0
4,high,P_PABFD_EWA,300,0.5,2662023.135995151,0.7394508711097642,0.03166666666666667,3,38,450.0,45000.0
4,high,P_PABFD_AR3,300,0.5,2662023.135995151,0.7394508711097642,0.03166666666666667,3,38,450.0,45000.0
4,high,P_PABFD_EWA,300,0.75,2668023.1359951515,0.741117537776431,0.03166666666666667,1,38,150.0,15000.0
4,high,P_PABFD_AR3,300,0.75,2668023.1359951515,0.741117537776431,0.03166666666666667,2,38,300.0,30000.0
4,high,P_PABFD_EWA,300,0.9,2722023.135995151,0.7561175377764309,0.016666666666666666,2,38,300.0,30000.0
4,high,P_PABFD_AR3,300,0.9,2722023.135995151,0.7561175377764309,0.016666666666666666,2,38,300.0,30000.0
4,high,P_PABFD_EWA,600,0.5,2662023.135995151,0.7394508711097642,0.03166666666666667,3,38,450.0,45000.0
4,high,P_PABFD_AR3,600,0.5,2662023.135995151,0.7394508711097642,0.03166666666666667,3,38,450.0,45000.0
4,high,P_PABFD_EWA,600,0.75,2668023.1359951515,0.741117537776431,0.03166666666666667,1,38,150.0,15000.0
4,high,P_PABFD_AR3,600,0.75,2668023.1359951515,0.741117537776431,0.03166666666666667,2,38,300.0,30000.0
4,high,P_PABFD_EWA,600,0.9,2722023.135995151,0.7561175377764309,0.016666666666666666,2,38,300.0,30000.0
4,high,P_PABFD_AR3,600,0.9,2722023.135995151,0.7561175377764309,0.016666666666666666,2,38,300.0,30000.0
5,low,P_PABFD_EWA,150,0.5,2102855.5238999818,0.5841265344166616,0.035,4,34,600.0,60000.0
5,low,P_PABFD_AR3,150,0.5,2102855.5238999818,0.5841265344166616,0.035,4,34,600.0,60000.0
5,low,P_PABFD_EWA,150,0.75,2108855.5238999818,0.5857932010833282,0.035,4,34,600.0,60000.0
5,low,P_PABFD_AR3,150,0.75,2102855.5238999818,0.5841265344166616,0.035,4,34,600.0,60000.0
5,low,P_PABFD_EWA,150,0.9,2108855.5238999818,0.5857932010833282,0.035,4,34,600.0,60000.0
5,low,P_PABFD_AR3,150,0.9,2102855.5238999818,0.5841265344166616,0.035,4,34,600.0,60000.0
5,low,P_PABFD_EWA,300,0.5,2102855.5238999818,0.5841265344166616,0.035,4,34,600.0,60000.0
5,low,P_PABFD_AR3,300,0.5,2102855.5238999818,0.5841265344166616,0.035,4,34,600.0,60000.0
5,low,P_PABFD_EWA,300,0.75,2108855.5238999818,0.5857932010833282,0.035,4,34,600.0,60000.0
5,low,P_PABFD_AR3,300,0.75,2102855.5238999818,0.5841265344166616,0.035,4,34,600.0,60000.0
5,low,P_PABFD_EWA,300,0.9,2108855.5238999818,0.5857932010833282,0.035,4,34,600.0,60000.0
5,low,P_PABFD_AR3,300,0.9,2102855.5238999818,0.5841265344166616,0.035,4,34,600.0,60000.0
5,low,P_PABFD_EWA,600,0.5,2102855.5238999818,0.5841265344166616,0.035,4,34,600.0,60000.0
5,low,P_PABFD_AR3,600,0.5,2102855.5238999818,0.5841265344166616,0.035,4,34,600.0,60000.0
5,low,P_PABFD_EWA,600,0.75,2108855.5238999818,0.5857932010833282,0.035,4,34,600.0,60000.0
5,low,P_PABFD_AR3,600,0.75,2102855.5238999818,0.5841265344166616,0.035,4,34,600.0,60000.0
5,low,P_PABFD_EWA,600,0.9,2108855.5238999818,0.5857932010833282,0.035,4,34,600.0,60000.0
5,low,P_PABFD_AR3,600,0.9,2102855.5238999818,0.5841265344166616,0.035,4,34,600.0,60000.0
5,medium,P_PABFD_EWA,150,0.5,2179692.8096220396,0.605470224895011,0.035,2,34,300.0,30000.0
5,medium,P_PABFD_AR3,150,0.5,2179692.8096220396,0.605470224895011,0.035,0,34,0.0,0.0
5,medium,P_PABFD_EWA,150,0.75,2179692.80962204,0.6054702248950111,0.035,3,34,450.0,45000.0
5,medium,P_PABFD_AR3,150,0.75,2179692.8096220396,0.605470224895011,0.035,1,34,150.0,15000.0
5,medium,P_PABFD_EWA,150,0.9,2179692.80962204,0.6054702248950111,0.035,3,34,450.0,45000.0
5,medium,P_PABFD_AR3,150,0.9,2179692.8096220396,0.605470224895011,0.035,1,34,150.0,15000.0
5,medium,P_PABFD_EWA,300,0.5,2179692.8096220396,0.605470224895011,0.035,2,34,300.0,30000.0
5,medium,P_PABFD_AR3,300,0.5,2179692.8096220396,0.605470224895011,0.035,0,34,0.0,0.0
5,medium,P_PABFD_EWA,300,0.75,2179692.80962204,0.6054702248950111,0.035,3,34,450.0,45000.0
5,medium,P_PABFD_AR3,300,0.75,2179692.8096220396,0.605470224895011,0.035,1,34,150.0,15000.0
5,medium,P_PABFD_EWA,300,0.9,2179692.80962204,0.6054702248950111,0.035,3,34,450.0,45000.0
5,medium,P_PABFD_AR3,300,0.9,2179692.8096220396,0.605470224895011,0.035,1,34,150.0,15000.0
5,medium,P_PABFD_EWA,600,0.5,2179692.8096220396,0.605470224895011,0.035,2,34,300.0,30000.0
5,medium,P_PABFD_AR3,600,0.5,2179692.8096220396,0.605470224895011,0.035,0,34,0.0,0.0
5,medium,P_PABFD_EWA,600,0.75,2179692.80962204,0.6054702248950111,0.035,3,34,450.0,45000.0
5,medium,P_PABFD_AR3,600,0.75,2179692.8096220396,0.605470224895011,0.035,1,34,150.0,15000.0
5,medium,P_PABFD_EWA,600,0.9,2179692.80962204,0.6054702248950111,0.035,3,34,450.0,45000.0
5,medium,P_PABFD_AR3,600,0.9,2179692.8096220396,0.605470224895011,0.035,1,34,150.0,15000.0
5,high,P_PABFD_EWA,150,0.5,2067550.3630614467,0.5743195452948463,0.03333333333333333,5,34,750.0,75000.0
5,high,P_PABFD_AR3,150,0.5,2055550.3630614467,0.570986211961513,0.035,4,34,600.0,60000.0
5,high,P_PABFD_EWA,150,0.75,2067550.3630614467,0.5743195452948463,0.03333333333333333,4,34,600.0,60000.0
5,high,P_PABFD_AR3,150,0.75,2055550.3630614467,0.570986211961513,0.035,3,34,450.0,45000.0
5,high,P_PABFD_EWA,150,0.9,2061550.3630614467,0.5726528786281796,0.03333333333333333,6,34,900.0,90000.0
5,high,P_PABFD_AR3,150,0.9,2055550.3630614467,0.570986211961513,0.035,3,34,450.0,45000.0
5,high,P_PABFD_EWA,300,0.5,2067550.3630614467,0.5743195452948463,0.03333333333333333,5,34,750.0,75000.0
5,high,P_PABFD_AR3,300,0.5,2055550.3630614467,0.570986211961513,0.035,4,34,600.0,60000.0
5,high,P_PABFD_EWA,300,0.75,2067550.3630614467,0.5743195452948463,0.03333333333333333,4,34,600.0,60000.0
5,high,P_PABFD_AR3,300,0.75,2055550.3630614467,0.570986211961513,0.035,3,34,450.0,45000.0
5,high,P_PABFD_EWA,300,0.9,2061550.3630614467,0.5726528786281796,0.03333333333333333,6,34,900.0,90000.0
5,high,P_PABFD_AR3,300,0.9,2055550.3630614467,0.570986211961513,0.035,3,34,450.0,45000.0
5,high,P_PABFD_EWA,600,0.5,2067550.3630614467,0.5743195452948463,0.03333333333333333,5,34,750.0,75000.0
5,high,P_PABFD_AR3,600,0.5,2055550.3630614467,0.570986211961513,0.035,4,34,600.0,60000.0
5,high,P_PABFD_EWA,600,0.75,2067550.3630614467,0.5743195452948463,0.03333333333333333,4,34,600.0,60000.0
5,high,P_PABFD_AR3,600,0.75,2055550.3630614467,0.570986211961513,0.035,3,34,450.0,45000.0
5,high,P_PABFD_EWA,600,0.9,2061550.3630614467,0.5726528786281796,0.03333333333333333,6,34,900.0,90000.0
5,high,P_PABFD_AR3,600,0.9,2055550.3630614467,0.570986211961513,0.035,3,34,450.0,45000.0
6,low,P_PABFD_EWA,150,0.5,3755644.0772125586,1.0432344658923773,0.07333333333333333,1,39,150.0,15000.0
6,low,P_PABFD_AR3,150,0.5,3755644.0772125586,1.0432344658923773,0.07333333333333333,3,39,450.0,45000.0
6,low,P_PABFD_EWA,150,0.75,3755644.0772125586,1.0432344658923773,0.07333333333333333,4,39,600.0,60000.0
6,low,P_PABFD_AR3,150,0.75,3755644.0772125586,1.0432344658923773,0.07333333333333333,4,39,600.0,60000.0
6,low,P_PABFD_EWA,150,0.9,3755644.0772125586,1.0432344658923773,0.07333333333333333,4,39,600.0,60000.0
6,low,P_PABFD_AR3,150,0.9,3755644.0772125586,1.0432344658923773,0.07333333333333333,6,39,900.0,90000.0
6,low,P_PABFD_EWA,300,0.5,3755644.0772125586,1.0432344658923773,0.07333333333333333,1,39,150.0,15000.0
6,low,P_PABFD_AR3,300,0.5,3755644.0772125586,1.0432344658923773,0.07333333333333333,3,39,450.0,45000.0
6,low,P_PABFD_EWA,300,0.75,3755644.0772125586,1.0432344658923773,0.07333333333333333,4,39,600.0,60000.0
6,low,P_PABFD_AR3,300,0.75,3755644.0772125586,1.0432344658923773,0.07333333333333333,4,39,600.0,60000.0
6,low,P_PABFD_EWA,300,0.9,3755644.0772125586,1.0432344658923773,0.07333333333333333,4,39,600.0,60000.0
6,low,P_PABFD_AR3,300,0.9,3755644.0772125586,1.0432344658923773,0.07333333333333333,6,39,900.0,90000.0
6,low,P_PABFD_EWA,600,0.5,3755644.0772125586,1.0432344658923773,0.07333333333333333,1,39,150.0,15000.0
6,low,P_PABFD_AR3,600,0.5,3755644.0772125586,1.0432344658923773,0.07333333333333333,3,39,450.0,45000.0
6,low,P_PABFD_EWA,600,0.75,3755644.0772125586,1.0432344658923773,0.07333333333333333,4,39,600.0,60000.0
6,low,P_PABFD_AR3,600,0.75,3755644.0772125586,1.0432344658923773,0.07333333333333333,4,39,600.0,60000.0
6,low,P_PABFD_EWA,600,0.9,3755644.0772125586,1.0432344658923773,0.07333333333333333,4,39,600.0,60000.0
6,low,P_PABFD_AR3,600,0.9,3755644.0772125586,1.0432344658923773,0.07333333333333333,6,39,900.0,90000.0
6,medium,P_PABFD_EWA,150,0.5,3622345.3671512334,1.006207046430898,0.04833333333333333,3,39,450.0,45000.0
6,medium,P_PABFD_AR3,150,0.5,3622345.3671512334,1.006207046430898,0.04833333333333333,4,39,600.0,60000.0
6,medium,P_PABFD_EWA,150,0.75,3622345.3671512334,1.006207046430898,0.04833333333333333,0,39,0.0,0.0
6,medium,P_PABFD_AR3,150,0.75,3622345.3671512334,1.006207046430898,0.04833333333333333,2,39,300.0,30000.0
6,medium,P_PABFD_EWA,150,0.9,3622345.3671512334,1.006207046430898,0.04833333333333333,2,39,300.0,30000.0
6,medium,P_PABFD_AR3,150,0.9,3622345.3671512334,1.006207046430898,0.04833333333333333,3,39,450.0,45000.0
6,medium,P_PABFD_EWA,300,0.5,3622345.3671512334,1.006207046430898,0.04833333333333333,3,39,450.0,45000.0
6,medium,P_PABFD_AR3,300,0.5,3622345.3671512334,1.006207046430898,0.04833333333333333,4,39,600.0,60000.0
6,medium,P_PABFD_EWA,300,0.75,3622345.3671512334,1.006207046430898,0.04833333333333333,0,39,0.0,0.0
6,medium,P_PABFD_AR3,300,0.75,3622345.3671512334,1.006207046430898,0.04833333333333333,2,39,300.0,30000.0
6,medium,P_PABFD_EWA,300,0.9,3622345.3671512334,1.006207046430898,0.04833333333333333,2,39,300.0,30000.0
6,medium,P_PABFD_AR3,300,0.9,3622345.3671512334,1.006207046430898,0.04833333333333333,3,39,450.0,45000.0
6,medium,P_PABFD_EWA,600,0.5,3622345.3671512334,1.006207046430898,0.04833333333333333,3,39,450.0,45000.0
6,medium,P_PABFD_AR3,600,0.5,3622345.3671512334,1.006207046430898,0.04833333333333333,4,39,600.0,60000.0
6,medium,P_PABFD_EWA,600,0.75,3622345.3671512334,1.006207046430898,0.04833333333333333,0,39,0.0,0.0
6,medium,P_PABFD_AR3,600,0.75,3622345.3671512334,1.006207046430898,0.04833333333333333,2,39,300.0,30000.0
6,medium,P_PABFD_EWA,600,0.9,3622345.3671512334,1.006207046430898,0.04833333333333333,2,39,300.0,30000.0
6,medium,P_PABFD_AR3,600,0.9,3622345.3671512334,1.006207046430898,0.04833333333333333,3,39,450.0,45000.0
6,high,P_PABFD_EWA,150,0.5,3011760.8370753117,0.8366002325209199,0.06,5,39,750.0,75000.0
6,high,P_PABFD_AR3,150,0.5,3011760.8370753117,0.8366002325209199,0.06,6,39,900.0,90000.0
6,high,P_PABFD_EWA,150,0.75,3017760.8370753117,0.8382668991875866,0.06,4,39,600.0,60000.0
6,high,P_PABFD_AR3,150,0.75,3011760.8370753117,0.8366002325209199,0.06,9,39,1350.0,135000.0
6,high,P_PABFD_EWA,150,0.9,3017760.8370753117,0.8382668991875866,0.06,4,39,600.0,60000.0
6,high,P_PABFD_AR3,150,0.9,3011760.8370753117,0.8366002325209199,0.06,7,39,1050.0,105000.0
6,high,P_PABFD_EWA,300,0.5,3011760.8370753117,0.8366002325209199,0.06,5,39,750.0,75000.0
6,high,P_PABFD_AR3,300,0.5,3011760.8370753117,0.8366002325209199,0.06,6,39,900.0,90000.0
6,high,P_PABFD_EWA,300,0.75,3017760.8370753117,0.8382668991875866,0.06,4,39,600.0,60000.0
6,high,P_PABFD_AR3,300,0.75,3011760.8370753117,0.8366002325209199,0.06,9,39,1350.0,135000.0
6,high,P_PABFD_EWA,300,0.9,3017760.8370753117,0.8382668991875866,0.06,4,39,600.0,60000.0
6,high,P_PABFD_AR3,300,0.9,3011760.8370753117,0.8366002325209199,0.06,7,39,1050.0,105000.0
6,high,P_PABFD_EWA,600,0.5,3011760.8370753117,0.8366002325209199,0.06,5,39,750.0,75000.0
6,high,P_PABFD_AR3,600,0.5,3011760.8370753117,0.8366002325209199,0.06,6,39,900.0,90000.0
6,high,P_PABFD_EWA,600,0.75,3017760.8370753117,0.8382668991875866,0.06,4,39,600.0,60000.0
6,high,P_PABFD_AR3,600,0.75,3011760.8370753117,0.8366002325209199,0.06,9,39,1350.0,135000.0
6,high,P_PABFD_EWA,600,0.9,3017760.8370753117,0.8382668991875866,0.06,4,39,600.0,60000.0
6,high,P_PABFD_AR3,600,0.9,3011760.8370753117,0.8366002325209199,0.06,7,39,1050.0,105000.0
7,low,P_PABFD_EWA,150,0.5,2989774.927635751,0.8304930354543754,0.008333333333333333,2,33,300.0,30000.0
7,low,P_PABFD_AR3,150,0.5,2989774.927635751,0.8304930354543754,0.008333333333333333,2,33,300.0,30000.0
7,low,P_PABFD_EWA,150,0.75,3013774.9276357507,0.8371597021210418,0.0033333333333333335,1,33,150.0,15000.0
7,low,P_PABFD_AR3,150,0.75,3013774.9276357507,0.8371597021210418,0.0033333333333333335,1,33,150.0,15000.0
7,low,P_PABFD_EWA,150,0.9,3013774.9276357507,0.8371597021210418,0.0033333333333333335,1,33,150.0,15000.0
7,low,P_PABFD_AR3,150,0.9,3013774.9276357507,0.8371597021210418,0.0033333333333333335,2,33,300.0,30000.0
7,low,P_PABFD_EWA,300,0.5,2989774.927635751,0.8304930354543754,0.008333333333333333,2,33,300.0,30000.0
7,low,P_PABFD_AR3,300,0.5,2989774.927635751,0.8304930354543754,0.008333333333333333,2,33,300.0,30000.0
7,low,P_PABFD_EWA,300,0.75,3013774.9276357507,0.8371597021210418,0.0033333333333333335,1,33,150.0,15000.0
7,low,P_PABFD_AR3,300,0.75,3013774.9276357507,0.8371597021210418,0.0033333333333333335,1,33,150.0,15000.0
7,low,P_PABFD_EWA,300,0.9,3013774.9276357507,0.8371597021210418,0.0033333333333333335,1,33,150.0,15000.0
7,low,P_PABFD_AR3,300,0.9,3013774.9276357507,0.8371597021210418,0.0033333333333333335,2,33,300.0,30000.0
7,low,P_PABFD_EWA,600,0.5,2989774.927635751,0.8304930354543754,0.008333333333333333,2,33,300.0,30000.0
7,low,P_PABFD_AR3,600,0.5,2989774.927635751,0.8304930354543754,0.008333333333333333,2,33,300.0,30000.0
7,low,P_PABFD_EWA,600,0.75,3013774.9276357507,0.8371597021210418,0.0033333333333333335,1,33,150.0,15000.0
7,low,P_PABFD_AR3,600,0.75,3013774.9276357507,0.8371597021210418,0.0033333333333333335,1,33,150.0,15000.0
7,low,P_PABFD_EWA,600,0.9,3013774.9276357507,0.8371597021210418,0.0033333333333333335,1,33,150.0,15000.0
7,low,P_PABFD_AR3,600,0.9,3013774.9276357507,0.8371597021210418,0.0033333333333333335,2,33,300.0,30000.0
7,medium,P_PABFD_EWA,150,0.5,2755378.2684771325,0.765382852354759,0.0033333333333333335,1,33,150.0,15000.0
7,medium,P_PABFD_AR3,150,0.5,2755378.2684771325,0.765382852354759,0.0033333333333333335,1,33,150.0,15000.0
7,medium,P_PABFD_EWA,150,0.75,2755378.2684771325,0.765382852354759,0.0033333333333333335,0,33,0.0,0.0
7,medium,P_PABFD_AR3,150,0.75,2755378.2684771325,0.765382852354759,0.0033333333333333335,1,33,150.0,15000.0
7,medium,P_PABFD_EWA,150,0.9,2755378.2684771325,0.765382852354759,0.0033333333333333335,2,33,300.0,30000.0
7,medium,P_PABFD_AR3,150,0.9,2755378.2684771325,0.765382852354759,0.0033333333333333335,2,33,300.0,30000.0
7,medium,P_PABFD_EWA,300,0.5,2755378.2684771325,0.765382852354759,0.0033333333333333335,1,33,150.0,15000.0
7,medium,P_PABFD_AR3,300,0.5,2755378.2684771325,0.765382852354759,0.0033333333333333335,1,33,150.0,15000.0
7,medium,P_PABFD_EWA,300,0.75,2755378.2684771325,0.765382852354759,0.0033333333333333335,0,33,0.0,0.0
7,medium,P_PABFD_AR3,300,0.75,2755378.2684771325,0.765382852354759,0.0033333333333333335,1,33,150.0,15000.0
7,medium,P_PABFD_EWA,300,0.9,2755378.2684771325,0.765382852354759,0.0033333333333333335,2,33,300.0,30000.0
7,medium,P_PABFD_AR3,300,0.9,2755378.2684771325,0.765382852354759,0.0033333333333333335,2,33,300.0,30000.0
7,medium,P_PABFD_EWA,600,0.5,2755378.2684771325,0.765382852354759,0.0033333333333333335,1,33,150.0,15000.0
7,medium,P_PABFD_AR3,600,0.5,2755378.2684771325,0.765382852354759,0.0033333333333333335,1,33,150.0,15000.0
7,medium,P_PABFD_EWA,600,0.75,2755378.2684771325,0.765382852354759,0.0033333333333333335,0,33,0.0,0.0
7,medium,P_PABFD_AR3,600,0.75,2755378.2684771325,0.765382852354759,0.0033333333333333335,1,33,150.0,15000.0
7,medium,P_PABFD_EWA,600,0.9,2755378.2684771325,0.765382852354759,0.0033333333333333335,2,33,300.0,30000.0
7,medium,P_PABFD_AR3,600,0.9,2755378.2684771325,0.765382852354759,0.0033333333333333335,2,33,300.0,30000.0
7,high,P_PABFD_EWA,150,0.5,1931664.972117441,0.5365736033659558,0.005,0,33,0.0,0.0
7,high,P_PABFD_AR3,150,0.5,1931664.972117441,0.5365736033659558,0.005,2,33,300.0,30000.0
7,high,P_PABFD_EWA,150,0.75,1931664.972117441,0.5365736033659558,0.005,1,33,150.0,15000.0
7,high,P_PABFD_AR3,150,0.75,1931664.972117441,0.5365736033659558,0.005,2,33,300.0,30000.0
7,high,P_PABFD_EWA,150,0.9,1931664.972117441,0.5365736033659558,0.005,2,33,300.0,30000.0
7,high,P_PABFD_AR3,150,0.9,1931664.972117441,0.5365736033659558,0.005,5,33,750.0,75000.0
7,high,P_PABFD_EWA,300,0.5,1931664.972117441,0.5365736033659558,0.005,0,33,0.0,0.0
7,high,P_PABFD_AR3,300,0.5,1931664.972117441,0.5365736033659558,0.005,2,33,300.0,30000.0
7,high,P_PABFD_EWA,300,0.75,1931664.972117441,0.5365736033659558,0.005,1,33,150.0,15000.0
7,high,P_PABFD_AR3,300,0.75,1931664.972117441,0.5365736033659558,0.005,2,33,300.0,30000.0
7,high,P_PABFD_EWA,300,0.9,1931664.972117441,0.5365736033659558,0.005,2,33,300.0,30000.0
7,high,P_PABFD_AR3,300,0.9,1931664.972117441,0.5365736033659558,0.005,5,33,750.0,75000.0
7,high,P_PABFD_EWA,600,0.5,1931664.972117441,0.5365736033659558,0.005,0,33,0.0,0.0
7,high,P_PABFD_AR3,600,0.5,1931664.972117441,0.5365736033659558,0.005,2,33,300.0,30000.0
7,high,P_PABFD_EWA,600,0.75,1931664.972117441,0.5365736033659558,0.005,1,33,150.0,15000.0
7,high,P_PABFD_AR3,600,0.75,1931664.972117441,0.5365736033659558,0.005,2,33,300.0,30000.0
7,high,P_PABFD_EWA,600,0.9,1931664.972117441,0.5365736033659558,0.005,2,33,300.0,30000.0
7,high,P_PABFD_AR3,600,0.9,1931664.972117441,0.5365736033659558,0.005,5,33,750.0,75000.0
8,low,P_PABFD_EWA,150,0.5,2585857.5018467414,0.7182937505129837,0.02,3,36,450.0,45000.0
8,low,P_PABFD_AR3,150,0.5,2549857.501846743,0.7082937505129842,0.0033333333333333335,5,36,300.0,30000.0
8,low,P_PABFD_EWA,150,0.75,2549857.501846743,0.7082937505129842,0.0033333333333333335,4,36,300.0,30000.0
8,low,P_PABFD_AR3,150,0.75,2549857.501846743,0.7082937505129842,0.0033333333333333335,5,36,450.0,45000.0
8,low,P_PABFD_EWA,150,0.9,2573857.5018467433,0.7149604171796509,0.02,3,36,300.0,30000.0
8,low,P_PABFD_AR3,150,0.9,2543857.501846743,0.7066270838463174,0.011666666666666667,7,36,450.0,45000.0
8,low,P_PABFD_EWA,300,0.5,2585857.5018467414,0.7182937505129837,0.02,3,36,450.0,45000.0
8,low,P_PABFD_AR3,300,0.5,2549857.501846743,0.7082937505129842,0.0033333333333333335,5,36,300.0,30000.0
8,low,P_PABFD_EWA,300,0.75,2549857.501846743,0.7082937505129842,0.0033333333333333335,4,36,300.0,30000.0
8,low,P_PABFD_AR3,300,0.75,2549857.501846743,0.7082937505129842,0.0033333333333333335,5,36,450.0,45000.0
8,low,P_PABFD_EWA,300,0.9,2573857.5018467433,0.7149604171796509,0.02,3,36,300.0,30000.0
8,low,P_PABFD_AR3,300,0.9,2543857.501846743,0.7066270838463174,0.011666666666666667,7,36,450.0,45000.0
8,low,P_PABFD_EWA,600,0.5,2585857.5018467414,0.7182937505129837,0.02,3,36,450.0,45000.0
8,low,P_PABFD_AR3,600,0.5,2549857.501846743,0.7082937505129842,0.0033333333333333335,5,36,300.0,30000.0
8,low,P_PABFD_EWA,600,0.75,2549857.501846743,0.7082937505129842,0.0033333333333333335,4,36,300.0,30000.0
8,low,P_PABFD_AR3,600,0.75,2549857.501846743,0.7082937505129842,0.0033333333333333335,5,36,450.0,45000.0
8,low,P_PABFD_EWA,600,0.9,2573857.5018467433,0.7149604171796509,0.02,3,36,300.0,30000.0
8,low,P_PABFD_AR3,600,0.9,2543857.501846743,0.7066270838463174,0.011666666666666667,7,36,450.0,45000.0
8,medium,P_PABFD_EWA,150,0.5,2264312.9400239284,0.6289758166733135,0.005,1,36,0.0,0.0
8,medium,P_PABFD_AR3,150,0.5,2264312.940023929,0.6289758166733136,0.005,2,36,0.0,0.0
8,medium,P_PABFD_EWA,150,0.75,2252312.940023928,0.62564248333998,0.005,2,36,0.0,0.0
8,medium,P_PABFD_AR3,150,0.75,2264312.940023929,0.6289758166733136,0.005,2,36,0.0,0.0
8,medium,P_PABFD_EWA,150,0.9,2252312.940023928,0.62564248333998,0.005,3,36,150.0,15000.0
8,medium,P_PABFD_AR3,150,0.9,2264312.940023929,0.6289758166733136,0.005,2,36,0.0,0.0
8,medium,P_PABFD_EWA,300,0.5,2264312.9400239284,0.6289758166733135,0.005,1,36,0.0,0.0
8,medium,P_PABFD_AR3,300,0.5,2264312.940023929,0.6289758166733136,0.005,2,36,0.0,0.0
8,medium,P_PABFD_EWA,300,0.75,2252312.940023928,0.62564248333998,0.005,2,36,0.0,0.0
8,medium,P_PABFD_AR3,300,0.75,2264312.940023929,0.6289758166733136,0.005,2,36,0.0,0.0
8,medium,P_PABFD_EWA,300,0.9,2252312.940023928,0.62564248333998,0.005,3,36,150.0,15000.0
8,medium,P_PABFD_AR3,300,0.9,2264312.940023929,0.6289758166733136,0.005,2,36,0.0,0.0
8,medium,P_PABFD_EWA,600,0.5,2264312.9400239284,0.6289758166733135,0.005,1,36,0.0,0.0
8,medium,P_PABFD_AR3,600,0.5,2264312.940023929,0.6289758166733136,0.005,2,36,0.0,0.0
8,medium,P_PABFD_EWA,600,0.75,2252312.940023928,0.62564248333998,0.005,2,36,0.0,0.0
8,medium,P_PABFD_AR3,600,0.75,2264312.940023929,0.6289758166733136,0.005,2,36,0.0,0.0
8,medium,P_PABFD_EWA,600,0.9,2252312.940023928,0.62564248333998,0.005,3,36,150.0,15000.0
8,medium,P_PABFD_AR3,600,0.9,2264312.940023929,0.6289758166733136,0.005,2,36,0.0,0.0
8,high,P_PABFD_EWA,150,0.5,1902253.4947467148,0.5284037485407541,0.013333333333333334,3,36,450.0,45000.0
8,high,P_PABFD_AR3,150,0.5,1902253.4947467148,0.5284037485407541,0.013333333333333334,1,36,150.0,15000.0
8,high,P_PABFD_EWA,150,0.75,1902253.4947467148,0.5284037485407541,0.013333333333333334,3,36,450.0,45000.0
8,high,P_PABFD_AR3,150,0.75,1902253.4947467148,0.5284037485407541,0.013333333333333334,0,36,0.0,0.0
8,high,P_PABFD_EWA,150,0.9,1902253.4947467148,0.5284037485407541,0.013333333333333334,3,36,450.0,45000.0
8,high,P_PABFD_AR3,150,0.9,1902253.4947467148,0.5284037485407541,0.013333333333333334,1,36,150.0,15000.0
8,high,P_PABFD_EWA,300,0.5,1902253.4947467148,0.5284037485407541,0.013333333333333334,3,36,450.0,45000.0
8,high,P_PABFD_AR3,300,0.5,1902253.4947467148,0.5284037485407541,0.013333333333333334,1,36,150.0,15000.0
8,high,P_PABFD_EWA,300,0.75,1902253.4947467148,0.5284037485407541,0.013333333333333334,3,36,450.0,45000.0
8,high,P_PABFD_AR3,300,0.75,1902253.4947467148,0.5284037485407541,0.013333333333333334,0,36,0.0,0.0
8,high,P_PABFD_EWA,300,0.9,1902253.4947467148,0.5284037485407541,0.013333333333333334,3,36,450.0,45000.0
8,high,P_PABFD_AR3,300,0.9,1902253.4947467148,0.5284037485407541,0.013333333333333334,1,36,150.0,15000.0
8,high,P_PABFD_EWA,600,0.5,1902253.4947467148,0.5284037485407541,0.013333333333333334,3,36,450.0,45000.0
8,high,P_PABFD_AR3,600,0.5,1902253.4947467148,0.5284037485407541,0.013333333333333334,1,36,150.0,15000.0
8,high,P_PABFD_EWA,600,0.75,1902253.4947467148,0.5284037485407541,0.013333333333333334,3,36,450.0,45000.0
8,high,P_PABFD_AR3,600,0.75,1902253.4947467148,0.5284037485407541,0.013333333333333334,0,36,0.0,0.0
8,high,P_PABFD_EWA,600,0.9,1902253.4947467148,0.5284037485407541,0.013333333333333334,3,36,450.0,45000.0
8,high,P_PABFD_AR3,600,0.9,1902253.4947467148,0.5284037485407541,0.013333333333333334,1,36,150.0,15000.0
9,low,P_PABFD_EWA,150,0.5,2409988.415289815,0.6694412264693931,0.058333333333333334,3,36,450.0,45000.0
9,low,P_PABFD_AR3,150,0.5,2409988.4152898155,0.6694412264693932,0.058333333333333334,3,36,450.0,45000.0
9,low,P_PABFD_EWA,150,0.75,2421988.415289818,0.6727745598027272,0.043333333333333335,2,36,300.0,30000.0
9,low,P_PABFD_AR3,150,0.75,2421988.415289818,0.6727745598027272,0.043333333333333335,5,36,750.0,75000.0
9,low,P_PABFD_EWA,150,0.9,2421988.415289818,0.6727745598027272,0.043333333333333335,3,36,450.0,45000.0
9,low,P_PABFD_AR3,150,0.9,2421988.415289818,0.6727745598027272,0.043333333333333335,6,36,900.0,90000.0
9,low,P_PABFD_EWA,300,0.5,2409988.415289815,0.6694412264693931,0.058333333333333334,3,36,450.0,45000.0
9,low,P_PABFD_AR3,300,0.5,2409988.4152898155,0.6694412264693932,0.058333333333333334,3,36,450.0,45000.0
9,low,P_PABFD_EWA,300,0.75,2421988.415289818,0.6727745598027272,0.043333333333333335,2,36,300.0,30000.0
9,low,P_PABFD_AR3,300,0.75,2421988.415289818,0.6727745598027272,0.043333333333333335,5,36,750.0,75000.0
9,low,P_PABFD_EWA,300,0.9,2421988.415289818,0.6727745598027272,0.043333333333333335,3,36,450.0,45000.0
9,low,P_PABFD_AR3,300,0.9,2421988.415289818,0.6727745598027272,0.043333333333333335,6,36,900.0,90000.0
9,low,P_PABFD_EWA,600,0.5,2409988.415289815,0.6694412264693931,0.058333333333333334,3,36,450.0,45000.0
9,low,P_PABFD_AR3,600,0.5,2409988.4152898155,0.6694412264693932,0.058333333333333334,3,36,450.0,45000.0
9,low,P_PABFD_EWA,600,0.75,2421988.415289818,0.6727745598027272,0.043333333333333335,2,36,300.0,30000.0
9,low,P_PABFD_AR3,600,0.75,2421988.415289818,0.6727745598027272,0.043333333333333335,5,36,750.0,75000.0
9,low,P_PABFD_EWA,600,0.9,2421988.415289818,0.6727745598027272,0.043333333333333335,3,36,450.0,45000.0
9,low,P_PABFD_AR3,600,0.9,2421988.415289818,0.6727745598027272,0.043333333333333335,6,36,900.0,90000.0
9,medium,P_PABFD_EWA,150,0.5,2474082.4626099165,0.6872451285027545,0.035,2,36,300.0,30000.0
9,medium,P_PABFD_AR3,150,0.5,2432082.462609914,0.6755784618360873,0.043333333333333335,5,36,600.0,60000.0
9,medium,P_PABFD_EWA,150,0.75,2474082.4626099165,0.6872451285027545,0.035,1,36,150.0,15000.0
9,medium,P_PABFD_AR3,150,0.75,2474082.4626099165,0.6872451285027545,0.035,2,36,300.0,30000.0
9,medium,P_PABFD_EWA,150,0.9,2474082.4626099165,0.6872451285027545,0.035,3,36,450.0,45000.0
9,medium,P_PABFD_AR3,150,0.9,2474082.4626099165,0.6872451285027545,0.035,4,36,600.0,60000.0
9,medium,P_PABFD_EWA,300,0.5,2474082.4626099165,0.6872451285027545,0.035,2,36,300.0,30000.0
9,medium,P_PABFD_AR3,300,0.5,2432082.462609914,0.6755784618360873,0.043333333333333335,5,36,600.0,60000.0
9,medium,P_PABFD_EWA,300,0.75,2474082.4626099165,0.6872451285027545,0.035,1,36,150.0,15000.0
9,medium,P_PABFD_AR3,300,0.75,2474082.4626099165,0.6872451285027545,0.035,2,36,300.0,30000.0
9,medium,P_PABFD_EWA,300,0.9,2474082.4626099165,0.6872451285027545,0.035,3,36,450.0,45000.0
9,medium,P_PABFD_AR3,300,0.9,2474082.4626099165,0.6872451285027545,0.035,4,36,600.0,60000.0
9,medium,P_PABFD_EWA,600,0.5,2474082.4626099165,0.6872451285027545,0.035,2,36,300.0,30000.0
9,medium,P_PABFD_AR3,600,0.5,2432082.462609914,0.6755784618360873,0.043333333333333335,5,36,600.0,60000.0
9,medium,P_PABFD_EWA,600,0.75,2474082.4626099165,0.6872451285027545,0.035,1,36,150.0,15000.0
9,medium,P_PABFD_AR3,600,0.75,2474082.4626099165,0.6872451285027545,0.035,2,36,300.0,30000.0
9,medium,P_PABFD_EWA,600,0.9,2474082.4626099165,0.6872451285027545,0.035,3,36,450.0,45000.0
9,medium,P_PABFD_AR3,600,0.9,2474082.4626099165,0.6872451285027545,0.035,4,36,600.0,60000.0
9,high,P_PABFD_EWA,150,0.5,1993374.111075629,0.5537150308543414,0.02666666666666667,7,36,1050.0,105000.0
9,high,P_PABFD_AR3,150,0.5,1993374.111075629,0.5537150308543414,0.02666666666666667,5,36,750.0,75000.0
9,high,P_PABFD_EWA,150,0.75,2041374.111075629,0.5670483641876747,0.023333333333333334,2,36,300.0,30000.0
9,high,P_PABFD_AR3,150,0.75,2011374.1110756285,0.5587150308543413,0.02666666666666667,5,36,750.0,75000.0
9,high,P_PABFD_EWA,150,0.9,2017374.111075629,0.5603816975210081,0.03333333333333333,1,36,150.0,15000.0
9,high,P_PABFD_AR3,150,0.9,2011374.1110756285,0.5587150308543413,0.02,3,36,450.0,45000.0
9,high,P_PABFD_EWA,300,0.5,1993374.111075629,0.5537150308543414,0.02666666666666667,7,36,1050.0,105000.0
9,high,P_PABFD_AR3,300,0.5,1993374.111075629,0.5537150308543414,0.02666666666666667,5,36,750.0,75000.0
9,high,P_PABFD_EWA,300,0.75,2041374.111075629,0.5670483641876747,0.023333333333333334,2,36,300.0,30000.0
9,high,P_PABFD_AR3,300,0.75,2011374.1110756285,0.5587150308543413,0.02666666666666667,5,36,750.0,75000.0
9,high,P_PABFD_EWA,300,0.9,2017374.111075629,0.5603816975210081,0.03333333333333333,1,36,150.0,15000.0
9,high,P_PABFD_AR3,300,0.9,2011374.1110756285,0.5587150308543413,0.02,3,36,450.0,45000.0
9,high,P_PABFD_EWA,600,0.5,1993374.111075629,0.5537150308543414,0.02666666666666667,7,36,1050.0,105000.0
9,high,P_PABFD_AR3,600,0.5,1993374.111075629,0.5537150308543414,0.02666666666666667,5,36,750.0,75000.0
9,high,P_PABFD_EWA,600,0.75,2041374.111075629,0.5670483641876747,0.023333333333333334,2,36,300.0,30000.0
9,high,P_PABFD_AR3,600,0.75,2011374.1110756285,0.5587150308543413,0.02666666666666667,5,36,750.0,75000.0
9,high,P_PABFD_EWA,600,0.9,2017374.111075629,0.5603816975210081,0.03333333333333333,1,36,150.0,15000.0
9,high,P_PABFD_AR3,600,0.9,2011374.1110756285,0.5587150308543413,0.02,3,36,450.0,45000.0
