algorithm,seed,scenario,n_vms,n_vms_rejected,total_energy_dc_kj,total_compute_energy_kj,total_cooling_energy_kj,avg_pue,min_pue,max_pue,avg_active_hosts,sla_violation_rate,sla_violations_abs,migration_count
PABFD_PUE15,0,low,33,0,4173.472314696539,2595.527869253582,1577.9444454429579,1.6516080145273802,1.4859797856225563,1.8,3.5,0.38333333333333336,23,0
PABFD_PUE15,1,low,42,0,5607.600372310715,3594.842598433801,2012.7577738769137,1.5905730446184667,1.438062894692007,1.7772712209120998,4.75,0.5666666666666667,34,0
PABFD_PUE15,2,low,43,0,3386.877089792785,2053.0223858582895,1333.8547039344937,1.6825530682379681,1.4817485246402207,1.784264611465158,2.7666666666666666,0.4,24,0
PABFD_PUE15,3,low,38,0,4689.37485237878,2953.041717295598,1736.333135083181,1.6285509203004893,1.4348292677662648,1.8,3.9166666666666665,0.21666666666666667,13,0
PABFD_PUE15,4,low,30,0,3598.7930444872477,2183.061809078277,1415.7312354089718,1.6781042434357467,1.5465865058548223,1.8,3.0166666666666666,0.08333333333333333,5,0
PABFD_PUE15,5,low,45,1,6349.684508448628,4153.5291368939215,2196.155371554706,1.5598300959006752,1.3809779747197295,1.7675275176430862,5.533333333333333,0.7166666666666667,43,0
PABFD_PUE15,6,low,39,0,5776.719253102755,3739.109070476196,2037.6101826265592,1.5825434366137554,1.4314830681327837,1.8,4.95,0.65,39,0
PABFD_PUE15,7,low,37,0,4441.62782004242,2759.661987281233,1681.965832761189,1.6393708903020852,1.4672060454001556,1.7761950068430052,3.65,0.4666666666666667,28,0
PABFD_PUE15,8,low,28,0,3991.859702115131,2428.5350922401503,1563.32460987498,1.6621627675288724,1.5757697498901055,1.8,3.3,0.18333333333333332,11,0
PABFD_PUE15,9,low,34,0,3750.492793120722,2297.349016599083,1453.1437765216392,1.6694056648223243,1.516270909638171,1.8,3.1166666666666667,0.2,12,0
PABFD_PUE12,0,low,33,0,4173.472314696539,2595.527869253582,1577.9444454429579,1.6516080145273802,1.4859797856225563,1.8,3.5,0.38333333333333336,23,0
PABFD_PUE12,1,low,42,0,5607.600372310715,3594.842598433801,2012.7577738769137,1.5905730446184667,1.438062894692007,1.7772712209120998,4.75,0.5666666666666667,34,0
PABFD_PUE12,2,low,43,0,3386.877089792785,2053.0223858582895,1333.8547039344937,1.6825530682379681,1.4817485246402207,1.784264611465158,2.7666666666666666,0.4,24,0
PABFD_PUE12,3,low,38,0,4689.37485237878,2953.041717295598,1736.333135083181,1.6285509203004893,1.4348292677662648,1.8,3.9166666666666665,0.21666666666666667,13,0
PABFD_PUE12,4,low,30,0,3598.7930444872477,2183.061809078277,1415.7312354089718,1.6781042434357467,1.5465865058548223,1.8,3.0166666666666666,0.08333333333333333,5,0
PABFD_PUE12,5,low,45,1,6349.684508448628,4153.5291368939215,2196.155371554706,1.5598300959006752,1.3809779747197295,1.7675275176430862,5.533333333333333,0.7166666666666667,43,0
PABFD_PUE12,6,low,39,0,5776.719253102755,3739.109070476196,2037.6101826265592,1.5825434366137554,1.4314830681327837,1.8,4.95,0.65,39,0
PABFD_PUE12,7,low,37,0,4441.62782004242,2759.661987281233,1681.965832761189,1.6393708903020852,1.4672060454001556,1.7761950068430052,3.65,0.4666666666666667,28,0
PABFD_PUE12,8,low,28,0,3991.859702115131,2428.5350922401503,1563.32460987498,1.6621627675288724,1.5757697498901055,1.8,3.3,0.18333333333333332,11,0
PABFD_PUE12,9,low,34,0,3750.492793120722,2297.349016599083,1453.1437765216392,1.6694056648223243,1.516270909638171,1.8,3.1166666666666667,0.2,12,0
FFD,0,low,33,0,4173.472314696539,2595.527869253582,1577.9444454429579,1.6516080145273802,1.4859797856225563,1.8,3.5,0.38333333333333336,23,0
FFD,1,low,42,0,5607.600372310715,3594.842598433801,2012.7577738769137,1.5905730446184667,1.438062894692007,1.7772712209120998,4.75,0.5666666666666667,34,0
FFD,2,low,43,0,3386.877089792785,2053.0223858582895,1333.8547039344937,1.6825530682379681,1.4817485246402207,1.784264611465158,2.7666666666666666,0.4,24,0
FFD,3,low,38,0,4689.37485237878,2953.041717295598,1736.333135083181,1.6285509203004893,1.4348292677662648,1.8,3.9166666666666665,0.21666666666666667,13,0
FFD,4,low,30,0,3598.7930444872477,2183.061809078277,1415.7312354089718,1.6781042434357467,1.5465865058548223,1.8,3.0166666666666666,0.08333333333333333,5,0
FFD,5,low,45,1,6349.684508448628,4153.5291368939215,2196.155371554706,1.5598300959006752,1.3809779747197295,1.7675275176430862,5.533333333333333,0.7166666666666667,43,0
FFD,6,low,39,0,5776.719253102755,3739.109070476196,2037.6101826265592,1.5825434366137554,1.4314830681327837,1.8,4.95,0.65,39,0
FFD,7,low,37,0,4441.62782004242,2759.661987281233,1681.965832761189,1.6393708903020852,1.4672060454001556,1.7761950068430052,3.65,0.4666666666666667,28,0
FFD,8,low,28,0,3991.859702115131,2428.5350922401503,1563.32460987498,1.6621627675288724,1.5757697498901055,1.8,3.3,0.18333333333333332,11,0
FFD,9,low,34,0,3750.492793120722,2297.349016599083,1453.1437765216392,1.6694056648223243,1.516270909638171,1.8,3.1166666666666667,0.2,12,0
Random,0,low,33,0,4435.058066502239,2757.527869253582,1677.5301972486563,1.6516080145273802,1.4859797856225563,1.8,3.95,0.13333333333333333,8,0
Random,1,low,42,0,6034.002400601206,3864.842598433801,2169.1598021674045,1.5905730446184667,1.438062894692007,1.7772712209120998,5.5,0.25,15,0
Random,2,low,43,0,3468.57840676799,2101.0223858582895,1367.5560209096998,1.6825530682379681,1.4817485246402207,1.784264611465158,2.9,0.3333333333333333,20,0
Random,3,low,38,0,4950.650466871186,3115.041717295598,1835.608749575585,1.6285509203004893,1.4348292677662648,1.8,4.366666666666666,0.15,9,0
Random,4,low,30,0,3886.388682745109,2357.061809078277,1529.3268736668326,1.6781042434357467,1.5465865058548223,1.8,3.5,0.0,0,0
Random,5,low,45,1,6368.708028786268,4165.5291368939215,2203.1788918923494,1.5598300959006752,1.3809779747197295,1.7675275176430862,5.566666666666666,0.7166666666666667,43,0
Random,6,low,39,0,5999.086639694378,3883.109070476196,2115.97756921818,1.5825434366137554,1.4314830681327837,1.8,5.35,0.7,42,0
Random,7,low,37,0,4778.570092741285,2969.661987281233,1808.908105460056,1.6393708903020852,1.4672060454001556,1.7761950068430052,4.233333333333333,0.2833333333333333,17,0
Random,8,low,28,0,4396.670927118272,2674.5350922401512,1722.135834878121,1.6621627675288724,1.5757697498901053,1.8,3.9833333333333334,0.016666666666666666,1,0
Random,9,low,34,0,4006.9119770998936,2453.349016599083,1553.56296050081,1.6694056648223243,1.516270909638171,1.8,3.55,0.08333333333333333,5,0
D_PABFD,0,low,33,0,4218.7769887721615,2625.527869253582,1593.2491195185792,1.6516080145273802,1.4859797856225563,1.8,3.5833333333333335,0.26666666666666666,16,0
D_PABFD,1,low,42,0,5645.97201369527,3618.842598433801,2027.1294152614678,1.5905730446184667,1.438062894692007,1.7772712209120998,4.816666666666666,0.5666666666666667,34,0
D_PABFD,2,low,43,0,3386.877089792785,2053.0223858582895,1333.8547039344937,1.6825530682379681,1.4817485246402207,1.784264611465158,2.7666666666666666,0.4,24,0
D_PABFD,3,low,38,0,4699.267389841849,2959.041717295598,1740.2256725462494,1.6285509203004893,1.4348292677662648,1.8,3.933333333333333,0.18333333333333332,11,0
D_PABFD,4,low,30,0,3598.7930444872477,2183.061809078277,1415.7312354089718,1.6781042434357467,1.5465865058548223,1.8,3.0166666666666666,0.08333333333333333,5,0
D_PABFD,5,low,45,1,6331.6298098483085,4141.5291368939215,2190.1006729543874,1.5598300959006752,1.3809779747197295,1.7675275176430862,5.5,0.7166666666666667,43,0
D_PABFD,6,low,39,0,5775.8027372478255,3739.109070476196,2036.6936667716293,1.5825434366137554,1.4314830681327837,1.8,4.95,0.65,39,0
D_PABFD,7,low,37,0,4439.560055267035,2759.661987281233,1679.8980679858043,1.6393708903020852,1.4672060454001556,1.7761950068430052,3.65,0.43333333333333335,26,0
D_PABFD,8,low,28,0,4041.2116324865115,2458.5350922401503,1582.676540246361,1.6621627675288724,1.5757697498901055,1.8,3.3833333333333333,0.18333333333333332,11,0
D_PABFD,9,low,34,0,3787.872602108587,2321.349016599083,1466.5235855095038,1.6694056648223243,1.516270909638171,1.8,3.183333333333333,0.03333333333333333,2,0
PABFD_PUE15,0,medium,33,0,3733.6623242908386,2293.0038170481644,1440.6585072426756,1.6705551314390932,1.4859797856225563,1.8,3.1333333333333333,0.31666666666666665,19,0
PABFD_PUE15,1,medium,42,0,5036.813587243805,3188.62001379493,1848.1935734488743,1.6157088873561194,1.4525720715613866,1.7772712209120998,4.25,0.5166666666666667,31,0
PABFD_PUE15,2,medium,43,0,3022.0538787941905,1816.2185442168184,1205.8353345773705,1.696197939531465,1.5270036423279814,1.784264611465158,2.45,0.36666666666666664,22,0
PABFD_PUE15,3,medium,38,0,4134.886031404608,2566.6119969402716,1568.274034464337,1.653487555895525,1.4548420731285725,1.8,3.466666666666667,0.15,9,0
PABFD_PUE15,4,medium,30,0,3162.6738572101185,1898.4079476127858,1264.2659095973322,1.6930657835985796,1.5465865058548223,1.8,2.6,0.06666666666666667,4,0
PABFD_PUE15,5,medium,45,1,5757.269839125502,3715.5325608648154,2041.7372782606867,1.5844963821261315,1.3755974605981771,1.7675275176430862,4.933333333333334,0.65,39,0
PABFD_PUE15,6,medium,39,0,5083.909312894417,3229.859644954263,1854.049667940154,1.6117933727828593,1.4521839458858619,1.8,4.266666666666667,0.5666666666666667,34,0
PABFD_PUE15,7,medium,37,0,4026.0520883781282,2472.0159419401352,1554.0361464379944,1.6566648953399854,1.4672060454001556,1.7761950068430052,3.283333333333333,0.43333333333333335,26,0
PABFD_PUE15,8,medium,28,0,3570.8938685536104,2145.7968455938676,1425.0970229597435,1.680244794934015,1.60284978834525,1.8,2.966666666666667,0.13333333333333333,8,0
PABFD_PUE15,9,medium,34,0,3404.8864226054893,2067.9987579091335,1336.8876646963556,1.6828890268989851,1.5260116112473547,1.8,2.816666666666667,0.16666666666666666,10,0
PABFD_PUE12,0,medium,33,0,3733.6623242908386,2293.0038170481644,1440.6585072426756,1.6705551314390932,1.4859797856225563,1.8,3.1333333333333333,0.31666666666666665,19,0
PABFD_PUE12,1,medium,42,0,5036.813587243805,3188.62001379493,1848.1935734488743,1.6157088873561194,1.4525720715613866,1.7772712209120998,4.25,0.5166666666666667,31,0
PABFD_PUE12,2,medium,43,0,3022.0538787941905,1816.2185442168184,1205.8353345773705,1.696197939531465,1.5270036423279814,1.784264611465158,2.45,0.36666666666666664,22,0
PABFD_PUE12,3,medium,38,0,4134.886031404608,2566.6119969402716,1568.274034464337,1.653487555895525,1.4548420731285725,1.8,3.466666666666667,0.15,9,0
PABFD_PUE12,4,medium,30,0,3162.6738572101185,1898.4079476127858,1264.2659095973322,1.6930657835985796,1.5465865058548223,1.8,2.6,0.06666666666666667,4,0
PABFD_PUE12,5,medium,45,1,5757.269839125502,3715.5325608648154,2041.7372782606867,1.5844963821261315,1.3755974605981771,1.7675275176430862,4.933333333333334,0.65,39,0
PABFD_PUE12,6,medium,39,0,5083.909312894417,3229.859644954263,1854.049667940154,1.6117933727828593,1.4521839458858619,1.8,4.266666666666667,0.5666666666666667,34,0
PABFD_PUE12,7,medium,37,0,4026.0520883781282,2472.0159419401352,1554.0361464379944,1.6566648953399854,1.4672060454001556,1.7761950068430052,3.283333333333333,0.43333333333333335,26,0
PABFD_PUE12,8,medium,28,0,3570.8938685536104,2145.7968455938676,1425.0970229597435,1.680244794934015,1.60284978834525,1.8,2.966666666666667,0.13333333333333333,8,0
PABFD_PUE12,9,medium,34,0,3404.8864226054893,2067.9987579091335,1336.8876646963556,1.6828890268989851,1.5260116112473547,1.8,2.816666666666667,0.16666666666666666,10,0
FFD,0,medium,33,0,3733.6623242908386,2293.0038170481644,1440.6585072426756,1.6705551314390932,1.4859797856225563,1.8,3.1333333333333333,0.31666666666666665,19,0
FFD,1,medium,42,0,5036.813587243805,3188.62001379493,1848.1935734488743,1.6157088873561194,1.4525720715613866,1.7772712209120998,4.25,0.5166666666666667,31,0
FFD,2,medium,43,0,3022.0538787941905,1816.2185442168184,1205.8353345773705,1.696197939531465,1.5270036423279814,1.784264611465158,2.45,0.36666666666666664,22,0
FFD,3,medium,38,0,4134.886031404608,2566.6119969402716,1568.274034464337,1.653487555895525,1.4548420731285725,1.8,3.466666666666667,0.15,9,0
FFD,4,medium,30,0,3162.6738572101185,1898.4079476127858,1264.2659095973322,1.6930657835985796,1.5465865058548223,1.8,2.6,0.06666666666666667,4,0
FFD,5,medium,45,1,5757.269839125502,3715.5325608648154,2041.7372782606867,1.5844963821261315,1.3755974605981771,1.7675275176430862,4.933333333333334,0.65,39,0
FFD,6,medium,39,0,5083.909312894417,3229.859644954263,1854.049667940154,1.6117933727828593,1.4521839458858619,1.8,4.266666666666667,0.5666666666666667,34,0
FFD,7,medium,37,0,4026.0520883781282,2472.0159419401352,1554.0361464379944,1.6566648953399854,1.4672060454001556,1.7761950068430052,3.283333333333333,0.43333333333333335,26,0
FFD,8,medium,28,0,3570.8938685536104,2145.7968455938676,1425.0970229597435,1.680244794934015,1.60284978834525,1.8,2.966666666666667,0.13333333333333333,8,0
FFD,9,medium,34,0,3404.8864226054893,2067.9987579091335,1336.8876646963556,1.6828890268989851,1.5260116112473547,1.8,2.816666666666667,0.16666666666666666,10,0
Random,0,medium,33,0,3929.113670727104,2413.003817048164,1516.1098536789411,1.6705551314390932,1.4859797856225563,1.8,3.466666666666667,0.11666666666666667,7,0
Random,1,medium,42,0,5420.337393641235,3428.62001379493,1991.717379846303,1.6157088873561194,1.4525720715613866,1.7772712209120998,4.916666666666667,0.16666666666666666,10,0
Random,2,medium,43,0,3163.490572846875,1900.2185442168186,1263.272028630056,1.696197939531465,1.5270036423279814,1.784264611465158,2.683333333333333,0.2,12,0
Random,3,medium,38,0,4367.999565794749,2710.6119969402716,1657.387568854478,1.653487555895525,1.4548420731285725,1.8,3.8666666666666667,0.05,3,0
Random,4,medium,30,0,3433.8098211980123,2060.407947612786,1373.4018735852262,1.6930657835985796,1.5465865058548223,1.8,3.05,0.05,3,0
Random,5,medium,45,1,5900.037469463989,3805.5325608648154,2094.504908599172,1.5844963821261315,1.3755974605981771,1.7675275176430862,5.183333333333334,0.65,39,0
Random,6,medium,39,0,5361.506734445834,3403.859644954263,1957.647089491571,1.6117933727828593,1.4521839458858619,1.8,4.75,0.5666666666666667,34,0
Random,7,medium,37,0,4349.205636995518,2670.0159419401343,1679.1896950553844,1.6566648953399854,1.4672060454001556,1.7761950068430052,3.8333333333333335,0.25,15,0
Random,8,medium,28,0,3890.181982417278,2337.796845593867,1552.3851368234111,1.680244794934015,1.60284978834525,1.8,3.5,0.0,0,0
Random,9,medium,34,0,3643.782836864872,2211.998757909133,1431.7840789557388,1.6828890268989851,1.5260116112473547,1.8,3.216666666666667,0.06666666666666667,4,0
D_PABFD,0,medium,33,0,3751.486972929006,2305.003817048164,1446.483155880843,1.6705551314390932,1.4859797856225563,1.8,3.1666666666666665,0.21666666666666667,13,0
D_PABFD,1,medium,42,0,5036.813587243805,3188.62001379493,1848.1935734488743,1.6157088873561194,1.4525720715613866,1.7772712209120998,4.25,0.5166666666666667,31,0
D_PABFD,2,medium,43,0,3022.0538787941905,1816.2185442168184,1205.8353345773705,1.696197939531465,1.5270036423279814,1.784264611465158,2.45,0.36666666666666664,22,0
D_PABFD,3,medium,38,0,4144.5367928046435,2572.6119969402716,1571.9247958643732,1.653487555895525,1.4548420731285725,1.8,3.4833333333333334,0.15,9,0
D_PABFD,4,medium,30,0,3172.254946356941,1904.4079476127858,1267.846998744155,1.6930657835985796,1.5465865058548223,1.8,2.6166666666666667,0.03333333333333333,2,0
D_PABFD,5,medium,45,1,5765.203926406506,3721.5325608648154,2043.6713655416909,1.5844963821261315,1.3755974605981771,1.7675275176430862,4.95,0.65,39,0
D_PABFD,6,medium,39,0,5103.757124150469,3241.859644954263,1861.897479196206,1.6117933727828593,1.4521839458858619,1.8,4.3,0.5666666666666667,34,0
D_PABFD,7,medium,37,0,4004.7377482960123,2460.0159419401352,1544.7218063558785,1.6566648953399854,1.4672060454001556,1.7761950068430052,3.25,0.4,24,0
D_PABFD,8,medium,28,0,3620.827055079147,2175.7968455938676,1445.0302094852805,1.680244794934015,1.60284978834525,1.8,3.05,0.13333333333333333,8,0
D_PABFD,9,medium,34,0,3424.2554465713856,2079.9987579091335,1344.256688662252,1.6828890268989851,1.5260116112473547,1.8,2.85,0.03333333333333333,2,0
PABFD_PUE15,0,high,33,0,3077.6975329979737,1862.27638196109,1215.421151036885,1.6950804020043233,1.5688162834197266,1.8,2.55,0.26666666666666666,16,0
PABFD_PUE15,1,high,42,0,4221.207231234988,2620.695918052764,1600.5113131822245,1.6494782313274712,1.4753008506492868,1.7772712209120998,3.5166666666666666,0.45,27,0
PABFD_PUE15,2,high,43,0,2570.50815957761,1526.4850122909338,1044.023147286675,1.7137238875232297,1.5829272120050069,1.8,2.0833333333333335,0.26666666666666666,16,0
PABFD_PUE15,3,high,38,0,3392.265946571906,2070.0276578822027,1322.2382886897055,1.6833302602353106,1.4548420731285725,1.8,2.8333333333333335,0.1,6,0
PABFD_PUE15,4,high,30,0,2532.459108285645,1502.8029295682916,1029.6561787173528,1.7163552300479676,1.5946160286466007,1.8,2.0833333333333335,0.03333333333333333,2,0
PABFD_PUE15,5,high,45,0,4694.588229109392,2954.489741118794,1740.0984879905984,1.6283900287645785,1.4869360241772602,1.7675275176430862,3.9166666666666665,0.5,30,0
PABFD_PUE15,6,high,39,0,4119.188021967365,2555.59175578643,1563.5962661809315,1.6513786938015074,1.516327819675994,1.8,3.3833333333333333,0.48333333333333334,29,0
PABFD_PUE15,7,high,37,0,3283.406426737089,1982.2994714645217,1301.106955272568,1.685077836503942,1.5170599901271697,1.7761950068430052,2.6333333333333333,0.45,27,0
PABFD_PUE15,8,high,28,0,2975.5065466425763,1764.2673483194537,1211.2391983231223,1.7033036279645053,1.6168811867687298,1.8,2.4833333333333334,0.08333333333333333,5,0
PABFD_PUE15,9,high,34,0,2827.6710056102247,1695.639366032563,1132.0316395776624,1.704262292663049,1.5260116112473547,1.8,2.316666666666667,0.13333333333333333,8,0
PABFD_PUE12,0,high,33,0,3077.6975329979737,1862.27638196109,1215.421151036885,1.6950804020043233,1.5688162834197266,1.8,2.55,0.26666666666666666,16,0
PABFD_PUE12,1,high,42,0,4221.207231234988,2620.695918052764,1600.5113131822245,1.6494782313274712,1.4753008506492868,1.7772712209120998,3.5166666666666666,0.45,27,0
PABFD_PUE12,2,high,43,0,2570.50815957761,1526.4850122909338,1044.023147286675,1.7137238875232297,1.5829272120050069,1.8,2.0833333333333335,0.26666666666666666,16,0
PABFD_PUE12,3,high,38,0,3392.265946571906,2070.0276578822027,1322.2382886897055,1.6833302602353106,1.4548420731285725,1.8,2.8333333333333335,0.1,6,0
PABFD_PUE12,4,high,30,0,2532.459108285645,1502.8029295682916,1029.6561787173528,1.7163552300479676,1.5946160286466007,1.8,2.0833333333333335,0.03333333333333333,2,0
PABFD_PUE12,5,high,45,0,4694.588229109392,2954.489741118794,1740.0984879905984,1.6283900287645785,1.4869360241772602,1.7675275176430862,3.9166666666666665,0.5,30,0
PABFD_PUE12,6,high,39,0,4119.188021967365,2555.59175578643,1563.5962661809315,1.6513786938015074,1.516327819675994,1.8,3.3833333333333333,0.48333333333333334,29,0
PABFD_PUE12,7,high,37,0,3283.406426737089,1982.2994714645217,1301.106955272568,1.685077836503942,1.5170599901271697,1.7761950068430052,2.6333333333333333,0.45,27,0
PABFD_PUE12,8,high,28,0,2975.5065466425763,1764.2673483194537,1211.2391983231223,1.7033036279645053,1.6168811867687298,1.8,2.4833333333333334,0.08333333333333333,5,0
PABFD_PUE12,9,high,34,0,2827.6710056102247,1695.639366032563,1132.0316395776624,1.704262292663049,1.5260116112473547,1.8,2.316666666666667,0.13333333333333333,8,0
FFD,0,high,33,0,3077.6975329979737,1862.27638196109,1215.421151036885,1.6950804020043233,1.5688162834197266,1.8,2.55,0.26666666666666666,16,0
FFD,1,high,42,0,4221.207231234988,2620.695918052764,1600.5113131822245,1.6494782313274712,1.4753008506492868,1.7772712209120998,3.5166666666666666,0.45,27,0
FFD,2,high,43,0,2570.50815957761,1526.4850122909338,1044.023147286675,1.7137238875232297,1.5829272120050069,1.8,2.0833333333333335,0.26666666666666666,16,0
FFD,3,high,38,0,3392.265946571906,2070.0276578822027,1322.2382886897055,1.6833302602353106,1.4548420731285725,1.8,2.8333333333333335,0.1,6,0
FFD,4,high,30,0,2532.459108285645,1502.8029295682916,1029.6561787173528,1.7163552300479676,1.5946160286466007,1.8,2.0833333333333335,0.03333333333333333,2,0
FFD,5,high,45,0,4694.588229109392,2954.489741118794,1740.0984879905984,1.6283900287645785,1.4869360241772602,1.7675275176430862,3.9166666666666665,0.5,30,0
FFD,6,high,39,0,4119.188021967365,2555.59175578643,1563.5962661809315,1.6513786938015074,1.516327819675994,1.8,3.3833333333333333,0.48333333333333334,29,0
FFD,7,high,37,0,3283.406426737089,1982.2994714645217,1301.106955272568,1.685077836503942,1.5170599901271697,1.7761950068430052,2.6333333333333333,0.45,27,0
FFD,8,high,28,0,2975.5065466425763,1764.2673483194537,1211.2391983231223,1.7033036279645053,1.6168811867687298,1.8,2.4833333333333334,0.08333333333333333,5,0
FFD,9,high,34,0,2827.6710056102247,1695.639366032563,1132.0316395776624,1.704262292663049,1.5260116112473547,1.8,2.316666666666667,0.13333333333333333,8,0
Random,0,high,33,0,3215.875833163678,1946.27638196109,1269.5994512025893,1.6950804020043233,1.5688162834197266,1.8,2.783333333333333,0.11666666666666667,7,0
Random,1,high,42,0,4482.320051494627,2782.6959180527633,1699.6241334418635,1.6494782313274712,1.4753008506492868,1.7772712209120998,3.966666666666667,0.08333333333333333,5,0
Random,2,high,43,0,2671.614537674125,1586.4850122909338,1085.1295253831913,1.7137238875232297,1.5829272120050069,1.8,2.25,0.15,9,0
Random,3,high,38,0,3490.710882077655,2130.027657882202,1360.6832241954526,1.6833302602353106,1.4548420731285725,1.8,3.0,0.08333333333333333,5,0
Random,4,high,30,0,2712.278304789952,1610.8029295682916,1101.4753752216602,1.7163552300479676,1.5946160286466007,1.8,2.3833333333333333,0.0,0,0
Random,5,high,45,0,4816.648930655081,3026.489741118794,1790.1591895362878,1.6283900287645785,1.4869360241772602,1.7675275176430862,4.116666666666666,0.5,30,0
Random,6,high,39,0,4307.388592592697,2669.59175578643,1637.7968368062657,1.6513786938015074,1.516327819675994,1.8,3.7,0.48333333333333334,29,0
Random,7,high,37,0,3563.2918647714037,2150.2994714645215,1412.9923933068821,1.685077836503942,1.5170599901271697,1.7761950068430052,3.1,0.21666666666666667,13,0
Random,8,high,28,0,3178.19045308486,1884.2673483194535,1293.9231047654055,1.7033036279645053,1.6168811867687298,1.8,2.816666666666667,0.0,0,0
Random,9,high,34,0,3008.117546514655,1803.639366032563,1204.4781804820923,1.704262292663049,1.5260116112473547,1.8,2.6166666666666667,0.05,3,0
D_PABFD,0,high,33,0,3077.6975329979737,1862.27638196109,1215.421151036885,1.6950804020043233,1.5688162834197266,1.8,2.55,0.26666666666666666,16,0
D_PABFD,1,high,42,0,4221.207231234988,2620.695918052764,1600.5113131822245,1.6494782313274712,1.4753008506492868,1.7772712209120998,3.5166666666666666,0.45,27,0
D_PABFD,2,high,43,0,2570.50815957761,1526.4850122909338,1044.023147286675,1.7137238875232297,1.5829272120050069,1.8,2.0833333333333335,0.26666666666666666,16,0
D_PABFD,3,high,38,0,3412.0370983724624,2082.0276578822027,1330.0094404902613,1.6833302602353106,1.4548420731285725,1.8,2.8666666666666667,0.1,6,0
D_PABFD,4,high,30,0,2552.8851134812976,1514.8029295682916,1038.0821839130056,1.7163552300479676,1.5946160286466007,1.8,2.1166666666666667,0.03333333333333333,2,0
D_PABFD,5,high,45,0,4744.993805643458,2984.489741118794,1760.5040645246645,1.6283900287645785,1.4869360241772602,1.7675275176430862,4.0,0.5,30,0
D_PABFD,6,high,39,0,4108.90792466656,2549.59175578643,1559.3161688801265,1.6513786938015074,1.516327819675994,1.8,3.3666666666666667,0.45,27,0
D_PABFD,7,high,37,0,3261.570021591484,1970.2994714645217,1291.270550126963,1.685077836503942,1.5170599901271697,1.7761950068430052,2.6,0.4166666666666667,25,0
D_PABFD,8,high,28,0,2975.5065466425763,1764.2673483194537,1211.2391983231223,1.7033036279645053,1.6168811867687298,1.8,2.4833333333333334,0.08333333333333333,5,0
D_PABFD,9,high,34,0,2847.726169784173,1707.639366032563,1140.0868037516111,1.704262292663049,1.5260116112473547,1.8,2.35,0.03333333333333333,2,0
